timestamp,temp_raw,temp_cal,temp_filt,d_temp,humidity,light,motion,motion_event,valid,status,t_s,dt_s,valid_final,temp_filt_py,d_temp_py,temp_noise,temp_roll_std,light_pct,alarm_temp_high,alarm_temp_low,alarm_hum_high,alarm_hum_low,alarm_any,motion_events_cum
1,3.3000,3.3000,3.3000,,26.5000,0.5400,0,0,1,LOW_TEMP+LOW_HUM,0,,1,3.3000,,0.0000,,54.0000,0,1,0,1,1,0
2,3.3000,3.3000,3.3000,0.0000,26.5000,0.5400,0,0,1,LOW_TEMP+LOW_HUM,1,1.0000,1,3.3000,0.0000,0.0000,0.0000,54.0000,0,1,0,1,1,0
3,3.3000,3.3000,3.3000,0.0000,26.5000,0.5400,0,0,1,LOW_TEMP+LOW_HUM,2,1.0000,1,3.3000,0.0000,0.0000,0.0000,54.0000,0,1,0,1,1,0
4,3.3000,3.3000,3.3000,0.0000,26.5000,0.5400,0,0,1,LOW_TEMP+LOW_HUM,3,1.0000,1,3.3000,0.0000,0.0000,0.0000,54.0000,0,1,0,1,1,0
5,3.3000,3.3000,3.3000,0.0000,26.5000,0.5400,0,0,1,LOW_TEMP+LOW_HUM,4,1.0000,1,3.3000,0.0000,0.0000,0.0000,54.0000,0,1,0,1,1,0
6,3.3000,3.3000,3.3000,0.0000,26.5000,0.5400,0,0,1,LOW_TEMP+LOW_HUM,5,1.0000,1,3.3000,0.0000,0.0000,0.0000,54.0000,0,1,0,1,1,0
7,3.3000,3.3000,3.3000,0.0000,26.5000,0.5400,0,0,1,LOW_TEMP+LOW_HUM,6,1.0000,1,3.3000,0.0000,0.0000,0.0000,54.0000,0,1,0,1,1,0
8,3.3000,3.3000,3.3000,0.0000,26.5000,0.5160,0,0,1,LOW_TEMP+LOW_HUM,7,1.0000,1,3.3000,0.0000,0.0000,0.0000,51.6000,0,1,0,1,1,0
9,3.3000,3.3000,3.3000,0.0000,26.5000,0.5240,0,0,1,LOW_TEMP+LOW_HUM,8,1.0000,1,3.3000,0.0000,0.0000,0.0000,52.4000,0,1,0,1,1,0
10,3.3000,3.3000,3.3000,0.0000,26.5000,0.5320,0,0,1,LOW_TEMP+LOW_HUM,9,1.0000,1,3.3000,0.0000,0.0000,0.0000,53.2000,0,1,0,1,1,0
11,3.3000,3.3000,3.3000,0.0000,26.5000,0.5320,0,0,1,LOW_TEMP+LOW_HUM,10,1.0000,1,3.3000,0.0000,0.0000,0.0000,53.2000,0,1,0,1,1,0
12,3.3000,3.3000,3.3000,0.0000,26.5000,0.5320,0,0,1,LOW_TEMP+LOW_HUM,11,1.0000,1,3.3000,0.0000,0.0000,0.0000,53.2000,0,1,0,1,1,0
13,3.3000,3.3000,3.3000,0.0000,26.5000,0.5400,0,0,1,LOW_TEMP+LOW_HUM,12,1.0000,1,3.3000,0.0000,0.0000,0.0000,54.0000,0,1,0,1,1,0
14,3.3000,3.3000,3.3000,0.0000,26.5000,0.5470,0,0,1,LOW_TEMP+LOW_HUM,13,1.0000,1,3.3000,0.0000,0.0000,0.0000,54.7000,0,1,0,1,1,0
15,3.3000,3.3000,3.3000,0.0000,26.5000,0.5560,0,0,1,LOW_TEMP+LOW_HUM,14,1.0000,1,3.3000,0.0000,0.0000,0.0000,55.6000,0,1,0,1,1,0
16,3.3000,3.3000,3.3000,0.0000,26.5000,0.5640,0,0,1,LOW_TEMP+LOW_HUM,15,1.0000,1,3.3000,0.0000,0.0000,0.0000,56.4000,0,1,0,1,1,0
17,3.3000,3.3000,3.3000,0.0000,26.5000,0.5950,0,0,1,LOW_TEMP+LOW_HUM,16,1.0000,1,3.3000,0.0000,0.0000,0.0000,59.5000,0,1,0,1,1,0
18,3.3000,3.3000,3.3000,0.0000,26.5000,0.5950,0,0,1,LOW_TEMP+LOW_HUM,17,1.0000,1,3.3000,0.0000,0.0000,0.0000,59.5000,0,1,0,1,1,0
19,3.3000,3.3000,3.3000,0.0000,26.5000,0.6330,0,0,1,LOW_TEMP+LOW_HUM,18,1.0000,1,3.3000,0.0000,0.0000,0.0000,63.3000,0,1,0,1,1,0
20,3.3000,3.3000,3.3000,0.0000,26.5000,0.6330,0,0,1,LOW_TEMP+LOW_HUM,19,1.0000,1,3.3000,0.0000,0.0000,0.0000,63.3000,0,1,0,1,1,0
21,3.3000,3.3000,3.3000,0.0000,26.5000,0.6480,0,0,1,LOW_TEMP+LOW_HUM,20,1.0000,1,3.3000,0.0000,0.0000,0.0000,64.8000,0,1,0,1,1,0
22,3.3000,3.3000,3.3000,0.0000,26.5000,0.6480,0,0,1,LOW_TEMP+LOW_HUM,21,1.0000,1,3.3000,0.0000,0.0000,0.0000,64.8000,0,1,0,1,1,0
23,3.3000,3.3000,3.3000,0.0000,26.5000,0.6480,0,0,1,LOW_TEMP+LOW_HUM,22,1.0000,1,3.3000,0.0000,0.0000,0.0000,64.8000,0,1,0,1,1,0
24,3.3000,3.3000,3.3000,0.0000,26.5000,0.6480,0,0,1,LOW_TEMP+LOW_HUM,23,1.0000,1,3.3000,0.0000,0.0000,0.0000,64.8000,0,1,0,1,1,0
25,3.3000,3.3000,3.3000,0.0000,26.5000,0.6630,0,0,1,LOW_TEMP+LOW_HUM,24,1.0000,1,3.3000,0.0000,0.0000,0.0000,66.3000,0,1,0,1,1,0
26,3.3000,3.3000,3.3000,0.0000,26.5000,0.6630,0,0,1,LOW_TEMP+LOW_HUM,25,1.0000,1,3.3000,0.0000,0.0000,0.0000,66.3000,0,1,0,1,1,0
27,3.3000,3.3000,3.3000,0.0000,26.5000,0.6840,0,0,1,LOW_TEMP+LOW_HUM,26,1.0000,1,3.3000,0.0000,0.0000,0.0000,68.4000,0,1,0,1,1,0
28,3.3000,3.3000,3.3000,0.0000,26.5000,0.6980,0,0,1,LOW_TEMP+LOW_HUM,27,1.0000,1,3.3000,0.0000,0.0000,0.0000,69.8000,0,1,0,1,1,0
29,3.3000,3.3000,3.3000,0.0000,26.5000,0.7110,0,0,1,LOW_TEMP+LOW_HUM,28,1.0000,1,3.3000,0.0000,0.0000,0.0000,71.1000,0,1,0,1,1,0
30,3.3000,3.3000,3.3000,0.0000,26.5000,0.7170,0,0,1,LOW_TEMP+LOW_HUM,29,1.0000,1,3.3000,0.0000,0.0000,0.0000,71.7000,0,1,0,1,1,0
31,3.3000,3.3000,3.3000,0.0000,26.5000,0.7240,0,0,1,LOW_TEMP+LOW_HUM,30,1.0000,1,3.3000,0.0000,0.0000,0.0000,72.4000,0,1,0,1,1,0
32,3.3000,3.3000,3.3000,0.0000,26.5000,0.7240,0,0,1,LOW_TEMP+LOW_HUM,31,1.0000,1,3.3000,0.0000,0.0000,0.0000,72.4000,0,1,0,1,1,0
33,3.3000,3.3000,3.3000,0.0000,26.5000,0.7240,0,0,1,LOW_TEMP+LOW_HUM,32,1.0000,1,3.3000,0.0000,0.0000,0.0000,72.4000,0,1,0,1,1,0
34,3.3000,3.3000,3.3000,0.0000,26.5000,0.7240,0,0,1,LOW_TEMP+LOW_HUM,33,1.0000,1,3.3000,0.0000,0.0000,0.0000,72.4000,0,1,0,1,1,0
35,3.3000,3.3000,3.3000,0.0000,26.5000,0.7240,0,0,1,LOW_TEMP+LOW_HUM,34,1.0000,1,3.3000,0.0000,0.0000,0.0000,72.4000,0,1,0,1,1,0
36,3.3000,3.3000,3.3000,0.0000,26.5000,0.7240,1,1,1,LOW_TEMP+LOW_HUM,35,1.0000,1,3.3000,0.0000,0.0000,0.0000,72.4000,0,1,0,1,1,1
37,3.3000,3.3000,3.3000,0.0000,26.5000,0.7240,1,0,1,LOW_TEMP+LOW_HUM,36,1.0000,1,3.3000,0.0000,0.0000,0.0000,72.4000,0,1,0,1,1,1
38,3.3000,3.3000,3.3000,0.0000,26.5000,0.7240,1,0,1,LOW_TEMP+LOW_HUM,37,1.0000,1,3.3000,0.0000,0.0000,0.0000,72.4000,0,1,0,1,1,1
39,2.3000,2.3000,3.1000,-0.2000,26.5000,0.7240,1,0,1,LOW_TEMP+LOW_HUM,38,1.0000,1,3.1000,-0.2000,-0.8000,0.4472,72.4000,0,1,0,1,1,1
40,2.3000,2.3000,2.9000,-0.2000,26.5000,0.7240,1,0,1,LOW_TEMP+LOW_HUM,39,1.0000,1,2.9000,-0.2000,-0.6000,0.5477,72.4000,0,1,0,1,1,1
41,8.7000,8.7000,3.9800,1.0800,26.5000,0.7240,0,0,1,LOW_TEMP+LOW_HUM,40,1.0000,1,3.9800,1.0800,4.7200,2.6855,72.4000,0,1,0,1,1,1
42,8.7000,8.7000,5.0600,1.0800,26.5000,0.7240,0,0,1,LOW_TEMP+LOW_HUM,41,1.0000,1,5.0600,1.0800,3.6400,3.3478,72.4000,0,1,0,1,1,1
43,14.0000,14.0000,7.2000,2.1400,26.5000,0.7240,0,0,1,LOW_TEMP+LOW_HUM,42,1.0000,1,7.2000,2.1400,6.8000,4.9689,72.4000,0,1,0,1,1,1
44,14.0000,14.0000,9.5400,2.3400,26.5000,0.7240,0,0,1,LOW_TEMP+LOW_HUM,43,1.0000,1,9.5400,2.3400,4.4600,4.8377,72.4000,0,1,0,1,1,1
45,18.2000,18.2000,12.7200,3.1800,26.5000,0.7240,0,0,1,LOW_HUM,44,1.0000,1,12.7200,3.1800,5.4800,4.0506,72.4000,0,0,0,1,1,1
46,18.2000,18.2000,14.6200,1.9000,26.5000,0.7240,0,0,1,LOW_HUM,45,1.0000,1,14.6200,1.9000,3.5800,3.9194,72.4000,0,0,0,1,1,1
47,27.8000,27.8000,18.4400,3.8200,26.5000,0.7240,0,0,1,LOW_HUM,46,1.0000,1,18.4400,3.8200,9.3600,5.6381,72.4000,0,0,0,1,1,1
48,27.8000,27.8000,21.2000,2.7600,26.5000,0.7240,0,0,1,LOW_HUM,47,1.0000,1,21.2000,2.7600,6.6000,6.2642,72.4000,0,0,0,1,1,1
49,27.8000,27.8000,23.9600,2.7600,26.5000,0.7240,0,0,1,LOW_HUM,48,1.0000,1,23.9600,2.7600,3.8400,5.2581,72.4000,0,0,0,1,1,1
50,27.8000,27.8000,25.8800,1.9200,26.5000,0.7240,0,0,1,LOW_HUM,49,1.0000,1,25.8800,1.9200,1.9200,4.2933,72.4000,0,0,0,1,1,1
51,31.0000,31.0000,28.4400,2.5600,26.5000,0.7240,0,0,1,HIGH_TEMP+LOW_HUM,50,1.0000,1,28.4400,2.5600,2.5600,1.4311,72.4000,1,0,0,1,1,1
52,31.0000,31.0000,29.0800,0.6400,26.5000,0.7240,0,0,1,HIGH_TEMP+LOW_HUM,51,1.0000,1,29.0800,0.6400,1.9200,1.7527,72.4000,1,0,0,1,1,1
53,31.0000,31.0000,29.7200,0.6400,26.5000,0.7240,0,0,1,HIGH_TEMP+LOW_HUM,52,1.0000,1,29.7200,0.6400,1.2800,1.7527,72.4000,1,0,0,1,1,1
54,31.0000,31.0000,30.3600,0.6400,26.5000,0.7240,0,0,1,HIGH_TEMP+LOW_HUM,53,1.0000,1,30.3600,0.6400,0.6400,1.4311,72.4000,1,0,0,1,1,1
55,31.0000,31.0000,31.0000,0.6400,26.5000,0.7240,0,0,1,HIGH_TEMP+LOW_HUM,54,1.0000,1,31.0000,0.6400,0.0000,0.0000,72.4000,1,0,0,1,1,1
56,31.0000,31.0000,31.0000,0.0000,26.5000,0.7170,0,0,1,HIGH_TEMP+LOW_HUM,55,1.0000,1,31.0000,0.0000,0.0000,0.0000,71.7000,1,0,0,1,1,1
57,31.0000,31.0000,31.0000,0.0000,26.5000,0.7170,0,0,1,HIGH_TEMP+LOW_HUM,56,1.0000,1,31.0000,0.0000,0.0000,0.0000,71.7000,1,0,0,1,1,1
58,31.0000,31.0000,31.0000,0.0000,26.5000,0.7040,0,0,1,HIGH_TEMP+LOW_HUM,57,1.0000,1,31.0000,0.0000,0.0000,0.0000,70.4000,1,0,0,1,1,1
59,31.0000,31.0000,31.0000,0.0000,26.5000,0.7040,0,0,1,HIGH_TEMP+LOW_HUM,58,1.0000,1,31.0000,0.0000,0.0000,0.0000,70.4000,1,0,0,1,1,1
60,31.0000,31.0000,31.0000,0.0000,26.5000,0.6700,0,0,1,HIGH_TEMP+LOW_HUM,59,1.0000,1,31.0000,0.0000,0.0000,0.0000,67.0000,1,0,0,1,1,1
61,31.0000,31.0000,31.0000,0.0000,26.5000,0.6550,0,0,1,HIGH_TEMP+LOW_HUM,60,1.0000,1,31.0000,0.0000,0.0000,0.0000,65.5000,1,0,0,1,1,1
62,31.0000,31.0000,31.0000,0.0000,26.5000,0.6550,0,0,1,HIGH_TEMP+LOW_HUM,61,1.0000,1,31.0000,0.0000,0.0000,0.0000,65.5000,1,0,0,1,1,1
63,31.0000,31.0000,31.0000,0.0000,26.5000,0.6550,0,0,1,HIGH_TEMP+LOW_HUM,62,1.0000,1,31.0000,0.0000,0.0000,0.0000,65.5000,1,0,0,1,1,1
64,31.0000,31.0000,31.0000,0.0000,26.5000,0.6330,0,0,1,HIGH_TEMP+LOW_HUM,63,1.0000,1,31.0000,0.0000,0.0000,0.0000,63.3000,1,0,0,1,1,1
65,31.0000,31.0000,31.0000,0.0000,26.5000,0.6260,0,0,1,HIGH_TEMP+LOW_HUM,64,1.0000,1,31.0000,0.0000,0.0000,0.0000,62.6000,1,0,0,1,1,1
66,31.0000,31.0000,31.0000,0.0000,26.5000,0.6110,0,0,1,HIGH_TEMP+LOW_HUM,65,1.0000,1,31.0000,0.0000,0.0000,0.0000,61.1000,1,0,0,1,1,1
67,31.0000,31.0000,31.0000,0.0000,26.5000,0.6030,0,0,1,HIGH_TEMP+LOW_HUM,66,1.0000,1,31.0000,0.0000,0.0000,0.0000,60.3000,1,0,0,1,1,1
68,31.0000,31.0000,31.0000,0.0000,26.5000,0.6030,0,0,1,HIGH_TEMP+LOW_HUM,67,1.0000,1,31.0000,0.0000,0.0000,0.0000,60.3000,1,0,0,1,1,1
69,31.0000,31.0000,31.0000,0.0000,26.5000,0.5790,0,0,1,HIGH_TEMP+LOW_HUM,68,1.0000,1,31.0000,0.0000,0.0000,0.0000,57.9000,1,0,0,1,1,1
70,31.0000,31.0000,31.0000,0.0000,26.5000,0.5790,0,0,1,HIGH_TEMP+LOW_HUM,69,1.0000,1,31.0000,0.0000,0.0000,0.0000,57.9000,1,0,0,1,1,1
71,31.0000,31.0000,31.0000,0.0000,26.5000,0.5710,0,0,1,HIGH_TEMP+LOW_HUM,70,1.0000,1,31.0000,0.0000,0.0000,0.0000,57.1000,1,0,0,1,1,1
72,31.0000,31.0000,31.0000,0.0000,26.5000,0.5560,0,0,1,HIGH_TEMP+LOW_HUM,71,1.0000,1,31.0000,0.0000,0.0000,0.0000,55.6000,1,0,0,1,1,1
73,31.0000,31.0000,31.0000,0.0000,26.5000,0.5560,0,0,1,HIGH_TEMP+LOW_HUM,72,1.0000,1,31.0000,0.0000,0.0000,0.0000,55.6000,1,0,0,1,1,1
74,31.0000,31.0000,31.0000,0.0000,26.5000,0.5320,0,0,1,HIGH_TEMP+LOW_HUM,73,1.0000,1,31.0000,0.0000,0.0000,0.0000,53.2000,1,0,0,1,1,1
75,31.0000,31.0000,31.0000,0.0000,26.5000,0.5320,0,0,1,HIGH_TEMP+LOW_HUM,74,1.0000,1,31.0000,0.0000,0.0000,0.0000,53.2000,1,0,0,1,1,1
76,31.0000,31.0000,31.0000,0.0000,26.5000,0.4830,0,0,1,HIGH_TEMP+LOW_HUM,75,1.0000,1,31.0000,0.0000,0.0000,0.0000,48.3000,1,0,0,1,1,1
77,31.0000,31.0000,31.0000,0.0000,26.5000,0.4830,0,0,1,HIGH_TEMP+LOW_HUM,76,1.0000,1,31.0000,0.0000,0.0000,0.0000,48.3000,1,0,0,1,1,1
78,31.0000,31.0000,31.0000,0.0000,26.5000,0.4830,0,0,1,HIGH_TEMP+LOW_HUM,77,1.0000,1,31.0000,0.0000,0.0000,0.0000,48.3000,1,0,0,1,1,1
79,31.0000,31.0000,31.0000,0.0000,33.5000,0.4830,0,0,1,HIGH_TEMP,78,1.0000,1,31.0000,0.0000,0.0000,0.0000,48.3000,1,0,0,0,1,1
80,31.0000,31.0000,31.0000,0.0000,33.5000,0.4830,0,0,1,HIGH_TEMP,79,1.0000,1,31.0000,0.0000,0.0000,0.0000,48.3000,1,0,0,0,1,1
81,31.0000,31.0000,31.0000,0.0000,36.0000,0.4830,0,0,1,HIGH_TEMP,80,1.0000,1,31.0000,0.0000,0.0000,0.0000,48.3000,1,0,0,0,1,1
82,31.0000,31.0000,31.0000,0.0000,36.0000,0.4830,0,0,1,HIGH_TEMP,81,1.0000,1,31.0000,0.0000,0.0000,0.0000,48.3000,1,0,0,0,1,1
83,31.0000,31.0000,31.0000,0.0000,38.0000,0.4830,0,0,1,HIGH_TEMP,82,1.0000,1,31.0000,0.0000,0.0000,0.0000,48.3000,1,0,0,0,1,1
84,31.0000,31.0000,31.0000,0.0000,38.0000,0.4830,0,0,1,HIGH_TEMP,83,1.0000,1,31.0000,0.0000,0.0000,0.0000,48.3000,1,0,0,0,1,1
85,31.0000,31.0000,31.0000,0.0000,41.5000,0.4830,0,0,1,HIGH_TEMP,84,1.0000,1,31.0000,0.0000,0.0000,0.0000,48.3000,1,0,0,0,1,1
86,31.0000,31.0000,31.0000,0.0000,41.5000,0.4830,0,0,1,HIGH_TEMP,85,1.0000,1,31.0000,0.0000,0.0000,0.0000,48.3000,1,0,0,0,1,1
87,31.0000,31.0000,31.0000,0.0000,43.0000,0.4830,0,0,1,HIGH_TEMP,86,1.0000,1,31.0000,0.0000,0.0000,0.0000,48.3000,1,0,0,0,1,1
88,31.0000,31.0000,31.0000,0.0000,43.0000,0.4830,0,0,1,HIGH_TEMP,87,1.0000,1,31.0000,0.0000,0.0000,0.0000,48.3000,1,0,0,0,1,1
89,31.0000,31.0000,31.0000,0.0000,43.0000,0.4830,0,0,1,HIGH_TEMP,88,1.0000,1,31.0000,0.0000,0.0000,0.0000,48.3000,1,0,0,0,1,1
90,31.0000,31.0000,31.0000,0.0000,43.0000,0.4830,0,0,1,HIGH_TEMP,89,1.0000,1,31.0000,0.0000,0.0000,0.0000,48.3000,1,0,0,0,1,1
91,31.0000,31.0000,31.0000,0.0000,53.0000,0.4830,0,0,1,HIGH_TEMP,90,1.0000,1,31.0000,0.0000,0.0000,0.0000,48.3000,1,0,0,0,1,1
92,31.0000,31.0000,31.0000,0.0000,53.0000,0.4830,0,0,1,HIGH_TEMP,91,1.0000,1,31.0000,0.0000,0.0000,0.0000,48.3000,1,0,0,0,1,1
93,31.0000,31.0000,31.0000,0.0000,57.5000,0.4830,0,0,1,HIGH_TEMP,92,1.0000,1,31.0000,0.0000,0.0000,0.0000,48.3000,1,0,0,0,1,1
94,31.0000,31.0000,31.0000,0.0000,57.5000,0.4830,0,0,1,HIGH_TEMP,93,1.0000,1,31.0000,0.0000,0.0000,0.0000,48.3000,1,0,0,0,1,1
95,31.0000,31.0000,31.0000,0.0000,57.5000,0.4830,0,0,1,HIGH_TEMP,94,1.0000,1,31.0000,0.0000,0.0000,0.0000,48.3000,1,0,0,0,1,1
96,31.0000,31.0000,31.0000,0.0000,57.5000,0.4830,0,0,1,HIGH_TEMP,95,1.0000,1,31.0000,0.0000,0.0000,0.0000,48.3000,1,0,0,0,1,1
97,31.0000,31.0000,31.0000,0.0000,61.5000,0.4830,0,0,1,HIGH_TEMP,96,1.0000,1,31.0000,0.0000,0.0000,0.0000,48.3000,1,0,0,0,1,1
98,31.0000,31.0000,31.0000,0.0000,61.5000,0.4830,0,0,1,HIGH_TEMP,97,1.0000,1,31.0000,0.0000,0.0000,0.0000,48.3000,1,0,0,0,1,1
99,31.0000,31.0000,31.0000,0.0000,61.5000,0.4830,0,0,1,HIGH_TEMP,98,1.0000,1,31.0000,0.0000,0.0000,0.0000,48.3000,1,0,0,0,1,1
100,31.0000,31.0000,31.0000,0.0000,61.5000,0.4830,0,0,1,HIGH_TEMP,99,1.0000,1,31.0000,0.0000,0.0000,0.0000,48.3000,1,0,0,0,1,1
101,31.0000,31.0000,31.0000,0.0000,69.0000,0.4830,0,0,1,HIGH_TEMP,100,1.0000,1,31.0000,0.0000,0.0000,0.0000,48.3000,1,0,0,0,1,1
102,31.0000,31.0000,31.0000,0.0000,69.0000,0.4830,0,0,1,HIGH_TEMP,101,1.0000,1,31.0000,0.0000,0.0000,0.0000,48.3000,1,0,0,0,1,1
103,31.0000,31.0000,31.0000,0.0000,69.0000,0.4830,0,0,1,HIGH_TEMP,102,1.0000,1,31.0000,0.0000,0.0000,0.0000,48.3000,1,0,0,0,1,1
104,31.0000,31.0000,31.0000,0.0000,69.0000,0.4830,0,0,1,HIGH_TEMP,103,1.0000,1,31.0000,0.0000,0.0000,0.0000,48.3000,1,0,0,0,1,1
105,31.0000,31.0000,31.0000,0.0000,69.0000,0.4830,0,0,1,HIGH_TEMP,104,1.0000,1,31.0000,0.0000,0.0000,0.0000,48.3000,1,0,0,0,1,1
106,31.0000,31.0000,31.0000,0.0000,69.0000,0.4830,0,0,1,HIGH_TEMP,105,1.0000,1,31.0000,0.0000,0.0000,0.0000,48.3000,1,0,0,0,1,1
107,31.0000,31.0000,31.0000,0.0000,69.0000,0.4830,0,0,1,HIGH_TEMP,106,1.0000,1,31.0000,0.0000,0.0000,0.0000,48.3000,1,0,0,0,1,1
108,31.0000,31.0000,31.0000,0.0000,69.0000,0.4830,0,0,1,HIGH_TEMP,107,1.0000,1,31.0000,0.0000,0.0000,0.0000,48.3000,1,0,0,0,1,1
109,31.0000,31.0000,31.0000,0.0000,69.5000,0.4830,0,0,1,HIGH_TEMP,108,1.0000,1,31.0000,0.0000,0.0000,0.0000,48.3000,1,0,0,0,1,1
110,31.0000,31.0000,31.0000,0.0000,69.5000,0.4830,0,0,1,HIGH_TEMP,109,1.0000,1,31.0000,0.0000,0.0000,0.0000,48.3000,1,0,0,0,1,1
111,31.0000,31.0000,31.0000,0.0000,88.5000,0.4830,0,0,1,HIGH_TEMP+HIGH_HUM,110,1.0000,1,31.0000,0.0000,0.0000,0.0000,48.3000,1,0,1,0,1,1
112,31.0000,31.0000,31.0000,0.0000,88.5000,0.4830,0,0,1,HIGH_TEMP+HIGH_HUM,111,1.0000,1,31.0000,0.0000,0.0000,0.0000,48.3000,1,0,1,0,1,1
113,31.0000,31.0000,31.0000,0.0000,88.5000,0.4830,0,0,1,HIGH_TEMP+HIGH_HUM,112,1.0000,1,31.0000,0.0000,0.0000,0.0000,48.3000,1,0,1,0,1,1
114,31.0000,31.0000,31.0000,0.0000,88.5000,0.4830,0,0,1,HIGH_TEMP+HIGH_HUM,113,1.0000,1,31.0000,0.0000,0.0000,0.0000,48.3000,1,0,1,0,1,1
115,25.6000,25.6000,29.9200,-1.0800,88.5000,0.4830,0,0,1,HIGH_HUM,114,1.0000,1,29.9200,-1.0800,-4.3200,2.4150,48.3000,0,0,1,0,1,1
116,25.6000,25.6000,28.8400,-1.0800,88.5000,0.4830,0,0,1,HIGH_HUM,115,1.0000,1,28.8400,-1.0800,-3.2400,2.9577,48.3000,0,0,1,0,1,1
117,23.5000,23.5000,27.3400,-1.5000,88.5000,0.4830,0,0,1,HIGH_HUM,116,1.0000,1,27.3400,-1.5000,-3.8400,3.4493,48.3000,0,0,1,0,1,1
118,23.5000,23.5000,25.8400,-1.5000,88.5000,0.4830,0,0,1,HIGH_HUM,117,1.0000,1,25.8400,-1.5000,-2.3400,3.0697,48.3000,0,0,1,0,1,1
119,18.2000,18.2000,23.2800,-2.5600,88.5000,0.4830,0,0,1,HIGH_HUM,118,1.0000,1,23.2800,-2.5600,-5.0800,3.0277,48.3000,0,0,1,0,1,1
120,18.2000,18.2000,21.8000,-1.4800,88.5000,0.4830,0,0,1,HIGH_HUM,119,1.0000,1,21.8000,-1.4800,-3.6000,3.3963,48.3000,0,0,1,0,1,1
121,18.2000,18.2000,20.3200,-1.4800,88.5000,0.4830,0,0,1,HIGH_HUM,120,1.0000,1,20.3200,-1.4800,-2.1200,2.9029,48.3000,0,0,1,0,1,1
122,18.2000,18.2000,19.2600,-1.0600,88.5000,0.4830,0,0,1,HIGH_HUM,121,1.0000,1,19.2600,-1.0600,-1.0600,2.3702,48.3000,0,0,1,0,1,1
123,15.0000,15.0000,17.5600,-1.7000,88.5000,0.4830,0,0,1,LOW_TEMP+HIGH_HUM,122,1.0000,1,17.5600,-1.7000,-2.5600,1.4311,48.3000,0,1,1,0,1,1
124,15.0000,15.0000,16.9200,-0.6400,88.5000,0.4830,0,0,1,LOW_TEMP+HIGH_HUM,123,1.0000,1,16.9200,-0.6400,-1.9200,1.7527,48.3000,0,1,1,0,1,1
125,11.8000,11.8000,15.6400,-1.2800,88.5000,0.4830,0,0,1,LOW_TEMP+HIGH_HUM,124,1.0000,1,15.6400,-1.2800,-3.8400,2.6773,48.3000,0,1,1,0,1,1
126,11.8000,11.8000,14.3600,-1.2800,88.5000,0.4830,0,0,1,LOW_TEMP+HIGH_HUM,125,1.0000,1,14.3600,-1.2800,-2.5600,2.6773,48.3000,0,1,1,0,1,1
127,10.8000,10.8000,12.8800,-1.4800,88.5000,0.4830,0,0,1,LOW_TEMP+HIGH_HUM,126,1.0000,1,12.8800,-1.4800,-2.0800,1.9779,48.3000,0,1,1,0,1,1
128,10.8000,10.8000,12.0400,-0.8400,88.5000,0.4830,0,0,1,LOW_TEMP+HIGH_HUM,127,1.0000,1,12.0400,-0.8400,-1.2400,1.7286,48.3000,0,1,1,0,1,1
129,8.7000,8.7000,10.7800,-1.2600,88.5000,0.4830,0,0,1,LOW_TEMP+HIGH_HUM,128,1.0000,1,10.7800,-1.2600,-2.0800,1.2657,48.3000,0,1,1,0,1,1
130,8.7000,8.7000,10.1600,-0.6200,88.5000,0.4830,0,0,1,LOW_TEMP+HIGH_HUM,129,1.0000,1,10.1600,-0.6200,-1.4600,1.3939,48.3000,0,1,1,0,1,1
131,8.7000,8.7000,9.5400,-0.6200,88.5000,0.4830,0,0,1,LOW_TEMP+HIGH_HUM,130,1.0000,1,9.5400,-0.6200,-0.8400,1.1502,48.3000,0,1,1,0,1,1
132,8.7000,8.7000,9.1200,-0.4200,88.5000,0.4830,0,0,1,LOW_TEMP+HIGH_HUM,131,1.0000,1,9.1200,-0.4200,-0.4200,0.9391,48.3000,0,1,1,0,1,1
133,2.3000,2.3000,7.4200,-1.7000,88.5000,0.4830,0,0,1,LOW_TEMP+HIGH_HUM,132,1.0000,1,7.4200,-1.7000,-5.1200,2.8622,48.3000,0,1,1,0,1,1
134,2.3000,2.3000,6.1400,-1.2800,88.5000,0.4830,0,0,1,LOW_TEMP+HIGH_HUM,133,1.0000,1,6.1400,-1.2800,-3.8400,3.5054,48.3000,0,1,1,0,1,1
135,0.2000,0.2000,4.4400,-1.7000,88.5000,0.4830,0,0,1,LOW_TEMP+HIGH_HUM,134,1.0000,1,4.4400,-1.7000,-4.2400,3.9822,48.3000,0,1,1,0,1,1
136,0.2000,0.2000,2.7400,-1.7000,88.5000,0.4830,0,0,1,LOW_TEMP+HIGH_HUM,135,1.0000,1,2.7400,-1.7000,-2.5400,3.4933,48.3000,0,1,1,0,1,1
137,-3.0000,-3.0000,0.4000,-2.3400,88.5000,0.4830,0,0,1,LOW_TEMP+HIGH_HUM,136,1.0000,1,0.4000,-2.3400,-3.4000,2.1714,48.3000,0,1,1,0,1,1
138,-3.0000,-3.0000,-0.6600,-1.0600,88.5000,0.4830,0,0,1,LOW_TEMP+HIGH_HUM,137,1.0000,1,-0.6600,-1.0600,-2.3400,2.3017,48.3000,0,1,1,0,1,1
139,-3.0000,-3.0000,-1.7200,-1.0600,88.5000,0.4830,0,0,1,LOW_TEMP+HIGH_HUM,138,1.0000,1,-1.7200,-1.0600,-1.2800,1.7527,48.3000,0,1,1,0,1,1
140,-3.0000,-3.0000,-2.3600,-0.6400,88.5000,0.4830,0,0,1,LOW_TEMP+HIGH_HUM,139,1.0000,1,-2.3600,-0.6400,-0.6400,1.4311,48.3000,0,1,1,0,1,1
141,-3.0000,-3.0000,-3.0000,-0.6400,88.5000,0.4830,0,0,1,LOW_TEMP+HIGH_HUM,140,1.0000,1,-3.0000,-0.6400,0.0000,0.0000,48.3000,0,1,1,0,1,1
142,-3.0000,-3.0000,-3.0000,0.0000,88.5000,0.4830,0,0,1,LOW_TEMP+HIGH_HUM,141,1.0000,1,-3.0000,0.0000,0.0000,0.0000,48.3000,0,1,1,0,1,1
143,-3.0000,-3.0000,-3.0000,0.0000,88.5000,0.4830,0,0,1,LOW_TEMP+HIGH_HUM,142,1.0000,1,-3.0000,0.0000,0.0000,0.0000,48.3000,0,1,1,0,1,1
144,-3.0000,-3.0000,-3.0000,0.0000,88.5000,0.4830,0,0,1,LOW_TEMP+HIGH_HUM,143,1.0000,1,-3.0000,0.0000,0.0000,0.0000,48.3000,0,1,1,0,1,1
145,-3.0000,-3.0000,-3.0000,0.0000,88.5000,0.4830,0,0,1,LOW_TEMP+HIGH_HUM,144,1.0000,1,-3.0000,0.0000,0.0000,0.0000,48.3000,0,1,1,0,1,1
146,-3.0000,-3.0000,-3.0000,0.0000,88.5000,0.4830,0,0,1,LOW_TEMP+HIGH_HUM,145,1.0000,1,-3.0000,0.0000,0.0000,0.0000,48.3000,0,1,1,0,1,1
147,-3.0000,-3.0000,-3.0000,0.0000,88.5000,0.4830,0,0,1,LOW_TEMP+HIGH_HUM,146,1.0000,1,-3.0000,0.0000,0.0000,0.0000,48.3000,0,1,1,0,1,1
148,-3.0000,-3.0000,-3.0000,0.0000,88.5000,0.4830,0,0,1,LOW_TEMP+HIGH_HUM,147,1.0000,1,-3.0000,0.0000,0.0000,0.0000,48.3000,0,1,1,0,1,1
149,-3.0000,-3.0000,-3.0000,0.0000,88.5000,0.4830,0,0,1,LOW_TEMP+HIGH_HUM,148,1.0000,1,-3.0000,0.0000,0.0000,0.0000,48.3000,0,1,1,0,1,1
150,-3.0000,-3.0000,-3.0000,0.0000,88.5000,0.4830,0,0,1,LOW_TEMP+HIGH_HUM,149,1.0000,1,-3.0000,0.0000,0.0000,0.0000,48.3000,0,1,1,0,1,1
151,-3.0000,-3.0000,-3.0000,0.0000,88.5000,0.4830,0,0,1,LOW_TEMP+HIGH_HUM,150,1.0000,1,-3.0000,0.0000,0.0000,0.0000,48.3000,0,1,1,0,1,1
152,-3.0000,-3.0000,-3.0000,0.0000,88.5000,0.4830,0,0,1,LOW_TEMP+HIGH_HUM,151,1.0000,1,-3.0000,0.0000,0.0000,0.0000,48.3000,0,1,1,0,1,1
153,-3.0000,-3.0000,-3.0000,0.0000,88.5000,0.4830,0,0,1,LOW_TEMP+HIGH_HUM,152,1.0000,1,-3.0000,0.0000,0.0000,0.0000,48.3000,0,1,1,0,1,1
154,-3.0000,-3.0000,-3.0000,0.0000,88.5000,0.4830,0,0,1,LOW_TEMP+HIGH_HUM,153,1.0000,1,-3.0000,0.0000,0.0000,0.0000,48.3000,0,1,1,0,1,1
155,-3.0000,-3.0000,-3.0000,0.0000,88.5000,0.4830,0,0,1,LOW_TEMP+HIGH_HUM,154,1.0000,1,-3.0000,0.0000,0.0000,0.0000,48.3000,0,1,1,0,1,1
156,-3.0000,-3.0000,-3.0000,0.0000,88.5000,0.4830,0,0,1,LOW_TEMP+HIGH_HUM,155,1.0000,1,-3.0000,0.0000,0.0000,0.0000,48.3000,0,1,1,0,1,1
157,-3.0000,-3.0000,-3.0000,0.0000,88.5000,0.4830,0,0,1,LOW_TEMP+HIGH_HUM,156,1.0000,1,-3.0000,0.0000,0.0000,0.0000,48.3000,0,1,1,0,1,1
158,-3.0000,-3.0000,-3.0000,0.0000,88.5000,0.4830,0,0,1,LOW_TEMP+HIGH_HUM,157,1.0000,1,-3.0000,0.0000,0.0000,0.0000,48.3000,0,1,1,0,1,1
159,-3.0000,-3.0000,-3.0000,0.0000,88.5000,0.4830,0,0,1,LOW_TEMP+HIGH_HUM,158,1.0000,1,-3.0000,0.0000,0.0000,0.0000,48.3000,0,1,1,0,1,1
160,-3.0000,-3.0000,-3.0000,0.0000,88.5000,0.4830,0,0,1,LOW_TEMP+HIGH_HUM,159,1.0000,1,-3.0000,0.0000,0.0000,0.0000,48.3000,0,1,1,0,1,1
161,-3.0000,-3.0000,-3.0000,0.0000,88.5000,0.4830,0,0,1,LOW_TEMP+HIGH_HUM,160,1.0000,1,-3.0000,0.0000,0.0000,0.0000,48.3000,0,1,1,0,1,1
162,-3.0000,-3.0000,-3.0000,0.0000,88.5000,0.4830,0,0,1,LOW_TEMP+HIGH_HUM,161,1.0000,1,-3.0000,0.0000,0.0000,0.0000,48.3000,0,1,1,0,1,1
163,-3.0000,-3.0000,-3.0000,0.0000,88.5000,0.4830,0,0,1,LOW_TEMP+HIGH_HUM,162,1.0000,1,-3.0000,0.0000,0.0000,0.0000,48.3000,0,1,1,0,1,1
164,-3.0000,-3.0000,-3.0000,0.0000,88.5000,0.4830,0,0,1,LOW_TEMP+HIGH_HUM,163,1.0000,1,-3.0000,0.0000,0.0000,0.0000,48.3000,0,1,1,0,1,1
165,-3.0000,-3.0000,-3.0000,0.0000,88.5000,0.4830,0,0,1,LOW_TEMP+HIGH_HUM,164,1.0000,1,-3.0000,0.0000,0.0000,0.0000,48.3000,0,1,1,0,1,1
166,-3.0000,-3.0000,-3.0000,0.0000,88.5000,0.4830,0,0,1,LOW_TEMP+HIGH_HUM,165,1.0000,1,-3.0000,0.0000,0.0000,0.0000,48.3000,0,1,1,0,1,1
167,-3.0000,-3.0000,-3.0000,0.0000,88.5000,0.4830,0,0,1,LOW_TEMP+HIGH_HUM,166,1.0000,1,-3.0000,0.0000,0.0000,0.0000,48.3000,0,1,1,0,1,1
168,-3.0000,-3.0000,-3.0000,0.0000,88.5000,0.4830,0,0,1,LOW_TEMP+HIGH_HUM,167,1.0000,1,-3.0000,0.0000,0.0000,0.0000,48.3000,0,1,1,0,1,1
169,-3.0000,-3.0000,-3.0000,0.0000,88.5000,0.4830,0,0,1,LOW_TEMP+HIGH_HUM,168,1.0000,1,-3.0000,0.0000,0.0000,0.0000,48.3000,0,1,1,0,1,1
170,-3.0000,-3.0000,-3.0000,0.0000,88.5000,0.4830,0,0,1,LOW_TEMP+HIGH_HUM,169,1.0000,1,-3.0000,0.0000,0.0000,0.0000,48.3000,0,1,1,0,1,1
171,-3.0000,-3.0000,-3.0000,0.0000,88.5000,0.4830,0,0,1,LOW_TEMP+HIGH_HUM,170,1.0000,1,-3.0000,0.0000,0.0000,0.0000,48.3000,0,1,1,0,1,1
172,-3.0000,-3.0000,-3.0000,0.0000,88.5000,0.4830,0,0,1,LOW_TEMP+HIGH_HUM,171,1.0000,1,-3.0000,0.0000,0.0000,0.0000,48.3000,0,1,1,0,1,1
173,-3.0000,-3.0000,-3.0000,0.0000,88.5000,0.4830,0,0,1,LOW_TEMP+HIGH_HUM,172,1.0000,1,-3.0000,0.0000,0.0000,0.0000,48.3000,0,1,1,0,1,1
174,-3.0000,-3.0000,-3.0000,0.0000,88.5000,0.4830,0,0,1,LOW_TEMP+HIGH_HUM,173,1.0000,1,-3.0000,0.0000,0.0000,0.0000,48.3000,0,1,1,0,1,1
175,-3.0000,-3.0000,-3.0000,0.0000,88.5000,0.4830,0,0,1,LOW_TEMP+HIGH_HUM,174,1.0000,1,-3.0000,0.0000,0.0000,0.0000,48.3000,0,1,1,0,1,1
176,-3.0000,-3.0000,-3.0000,0.0000,88.5000,0.4830,0,0,1,LOW_TEMP+HIGH_HUM,175,1.0000,1,-3.0000,0.0000,0.0000,0.0000,48.3000,0,1,1,0,1,1
177,-3.0000,-3.0000,-3.0000,0.0000,88.5000,0.4830,0,0,1,LOW_TEMP+HIGH_HUM,176,1.0000,1,-3.0000,0.0000,0.0000,0.0000,48.3000,0,1,1,0,1,1
178,-3.0000,-3.0000,-3.0000,0.0000,88.5000,0.4830,0,0,1,LOW_TEMP+HIGH_HUM,177,1.0000,1,-3.0000,0.0000,0.0000,0.0000,48.3000,0,1,1,0,1,1
179,-3.0000,-3.0000,-3.0000,0.0000,88.5000,0.4830,0,0,1,LOW_TEMP+HIGH_HUM,178,1.0000,1,-3.0000,0.0000,0.0000,0.0000,48.3000,0,1,1,0,1,1
180,-3.0000,-3.0000,-3.0000,0.0000,88.5000,0.4830,0,0,1,LOW_TEMP+HIGH_HUM,179,1.0000,1,-3.0000,0.0000,0.0000,0.0000,48.3000,0,1,1,0,1,1
181,-3.0000,-3.0000,-3.0000,0.0000,88.5000,0.4830,0,0,1,LOW_TEMP+HIGH_HUM,180,1.0000,1,-3.0000,0.0000,0.0000,0.0000,48.3000,0,1,1,0,1,1
182,-3.0000,-3.0000,-3.0000,0.0000,88.5000,0.4830,0,0,1,LOW_TEMP+HIGH_HUM,181,1.0000,1,-3.0000,0.0000,0.0000,0.0000,48.3000,0,1,1,0,1,1
183,-3.0000,-3.0000,-3.0000,0.0000,88.5000,0.4830,0,0,1,LOW_TEMP+HIGH_HUM,182,1.0000,1,-3.0000,0.0000,0.0000,0.0000,48.3000,0,1,1,0,1,1
184,-3.0000,-3.0000,-3.0000,0.0000,88.5000,0.4830,0,0,1,LOW_TEMP+HIGH_HUM,183,1.0000,1,-3.0000,0.0000,0.0000,0.0000,48.3000,0,1,1,0,1,1
185,-9.4000,-9.4000,-4.2800,-1.2800,88.5000,0.4830,0,0,1,LOW_TEMP+HIGH_HUM,184,1.0000,1,-4.2800,-1.2800,-5.1200,2.8622,48.3000,0,1,1,0,1,1
186,-9.4000,-9.4000,-5.5600,-1.2800,88.5000,0.4830,0,0,1,LOW_TEMP+HIGH_HUM,185,1.0000,1,-5.5600,-1.2800,-3.8400,3.5054,48.3000,0,1,1,0,1,1
187,-9.4000,-9.4000,-6.8400,-1.2800,88.5000,0.4830,0,0,1,LOW_TEMP+HIGH_HUM,186,1.0000,1,-6.8400,-1.2800,-2.5600,3.5054,48.3000,0,1,1,0,1,1
188,-9.4000,-9.4000,-8.1200,-1.2800,88.5000,0.4830,0,0,1,LOW_TEMP+HIGH_HUM,187,1.0000,1,-8.1200,-1.2800,-1.2800,2.8622,48.3000,0,1,1,0,1,1
189,-9.4000,-9.4000,-9.4000,-1.2800,88.5000,0.4830,0,0,1,LOW_TEMP+HIGH_HUM,188,1.0000,1,-9.4000,-1.2800,0.0000,0.0000,48.3000,0,1,1,0,1,1
190,-9.4000,-9.4000,-9.4000,0.0000,88.5000,0.4830,0,0,1,LOW_TEMP+HIGH_HUM,189,1.0000,1,-9.4000,0.0000,0.0000,0.0000,48.3000,0,1,1,0,1,1
191,-9.4000,-9.4000,-9.4000,0.0000,88.5000,0.4830,0,0,1,LOW_TEMP+HIGH_HUM,190,1.0000,1,-9.4000,0.0000,0.0000,0.0000,48.3000,0,1,1,0,1,1
192,-9.4000,-9.4000,-9.4000,0.0000,88.5000,0.4830,0,0,1,LOW_TEMP+HIGH_HUM,191,1.0000,1,-9.4000,0.0000,0.0000,0.0000,48.3000,0,1,1,0,1,1
193,-9.4000,-9.4000,-9.4000,0.0000,88.5000,0.4830,0,0,1,LOW_TEMP+HIGH_HUM,192,1.0000,1,-9.4000,0.0000,0.0000,0.0000,48.3000,0,1,1,0,1,1
194,-9.4000,-9.4000,-9.4000,0.0000,88.5000,0.4830,0,0,1,LOW_TEMP+HIGH_HUM,193,1.0000,1,-9.4000,0.0000,0.0000,0.0000,48.3000,0,1,1,0,1,1
195,-9.4000,-9.4000,-9.4000,0.0000,88.5000,0.4830,0,0,1,LOW_TEMP+HIGH_HUM,194,1.0000,1,-9.4000,0.0000,0.0000,0.0000,48.3000,0,1,1,0,1,1
196,-9.4000,-9.4000,-9.4000,0.0000,88.5000,0.4830,0,0,1,LOW_TEMP+HIGH_HUM,195,1.0000,1,-9.4000,0.0000,0.0000,0.0000,48.3000,0,1,1,0,1,1
197,-9.4000,-9.4000,-9.4000,0.0000,88.5000,0.4830,0,0,1,LOW_TEMP+HIGH_HUM,196,1.0000,1,-9.4000,0.0000,0.0000,0.0000,48.3000,0,1,1,0,1,1
198,-9.4000,-9.4000,-9.4000,0.0000,88.5000,0.4830,0,0,1,LOW_TEMP+HIGH_HUM,197,1.0000,1,-9.4000,0.0000,0.0000,0.0000,48.3000,0,1,1,0,1,1
199,-9.4000,-9.4000,-9.4000,0.0000,88.5000,0.4830,0,0,1,LOW_TEMP+HIGH_HUM,198,1.0000,1,-9.4000,0.0000,0.0000,0.0000,48.3000,0,1,1,0,1,1
200,-9.4000,-9.4000,-9.4000,0.0000,88.5000,0.4830,0,0,1,LOW_TEMP+HIGH_HUM,199,1.0000,1,-9.4000,0.0000,0.0000,0.0000,48.3000,0,1,1,0,1,1
201,-9.4000,-9.4000,-9.4000,0.0000,88.5000,0.4830,0,0,1,LOW_TEMP+HIGH_HUM,200,1.0000,1,-9.4000,0.0000,0.0000,0.0000,48.3000,0,1,1,0,1,1
202,-9.4000,-9.4000,-9.4000,0.0000,88.5000,0.4830,0,0,1,LOW_TEMP+HIGH_HUM,201,1.0000,1,-9.4000,0.0000,0.0000,0.0000,48.3000,0,1,1,0,1,1
203,-9.4000,-9.4000,-9.4000,0.0000,88.5000,0.4830,0,0,1,LOW_TEMP+HIGH_HUM,202,1.0000,1,-9.4000,0.0000,0.0000,0.0000,48.3000,0,1,1,0,1,1
204,-9.4000,-9.4000,-9.4000,0.0000,88.5000,0.4830,0,0,1,LOW_TEMP+HIGH_HUM,203,1.0000,1,-9.4000,0.0000,0.0000,0.0000,48.3000,0,1,1,0,1,1
205,-9.4000,-9.4000,-9.4000,0.0000,88.5000,0.4830,0,0,1,LOW_TEMP+HIGH_HUM,204,1.0000,1,-9.4000,0.0000,0.0000,0.0000,48.3000,0,1,1,0,1,1
206,-9.4000,-9.4000,-9.4000,0.0000,88.5000,0.4830,0,0,1,LOW_TEMP+HIGH_HUM,205,1.0000,1,-9.4000,0.0000,0.0000,0.0000,48.3000,0,1,1,0,1,1
207,-9.4000,-9.4000,-9.4000,0.0000,88.5000,0.4830,0,0,1,LOW_TEMP+HIGH_HUM,206,1.0000,1,-9.4000,0.0000,0.0000,0.0000,48.3000,0,1,1,0,1,1
208,-9.4000,-9.4000,-9.4000,0.0000,88.5000,0.4830,0,0,1,LOW_TEMP+HIGH_HUM,207,1.0000,1,-9.4000,0.0000,0.0000,0.0000,48.3000,0,1,1,0,1,1
209,-9.4000,-9.4000,-9.4000,0.0000,88.5000,0.4830,0,0,1,LOW_TEMP+HIGH_HUM,208,1.0000,1,-9.4000,0.0000,0.0000,0.0000,48.3000,0,1,1,0,1,1
210,-9.4000,-9.4000,-9.4000,0.0000,88.5000,0.4830,0,0,1,LOW_TEMP+HIGH_HUM,209,1.0000,1,-9.4000,0.0000,0.0000,0.0000,48.3000,0,1,1,0,1,1
211,-9.4000,-9.4000,-9.4000,0.0000,88.5000,0.4830,0,0,1,LOW_TEMP+HIGH_HUM,210,1.0000,1,-9.4000,0.0000,0.0000,0.0000,48.3000,0,1,1,0,1,1
212,-9.4000,-9.4000,-9.4000,0.0000,88.5000,0.4830,0,0,1,LOW_TEMP+HIGH_HUM,211,1.0000,1,-9.4000,0.0000,0.0000,0.0000,48.3000,0,1,1,0,1,1
213,-9.4000,-9.4000,-9.4000,0.0000,88.5000,0.4830,0,0,1,LOW_TEMP+HIGH_HUM,212,1.0000,1,-9.4000,0.0000,0.0000,0.0000,48.3000,0,1,1,0,1,1
214,-9.4000,-9.4000,-9.4000,0.0000,88.5000,0.4830,0,0,1,LOW_TEMP+HIGH_HUM,213,1.0000,1,-9.4000,0.0000,0.0000,0.0000,48.3000,0,1,1,0,1,1
215,-9.4000,-9.4000,-9.4000,0.0000,88.5000,0.4830,0,0,1,LOW_TEMP+HIGH_HUM,214,1.0000,1,-9.4000,0.0000,0.0000,0.0000,48.3000,0,1,1,0,1,1
216,-9.4000,-9.4000,-9.4000,0.0000,88.5000,0.4830,0,0,1,LOW_TEMP+HIGH_HUM,215,1.0000,1,-9.4000,0.0000,0.0000,0.0000,48.3000,0,1,1,0,1,1
217,-9.4000,-9.4000,-9.4000,0.0000,88.5000,0.4830,0,0,1,LOW_TEMP+HIGH_HUM,216,1.0000,1,-9.4000,0.0000,0.0000,0.0000,48.3000,0,1,1,0,1,1
218,-9.4000,-9.4000,-9.4000,0.0000,88.5000,0.4830,0,0,1,LOW_TEMP+HIGH_HUM,217,1.0000,1,-9.4000,0.0000,0.0000,0.0000,48.3000,0,1,1,0,1,1
219,-9.4000,-9.4000,-9.4000,0.0000,88.5000,0.4830,0,0,1,LOW_TEMP+HIGH_HUM,218,1.0000,1,-9.4000,0.0000,0.0000,0.0000,48.3000,0,1,1,0,1,1
220,-9.4000,-9.4000,-9.4000,0.0000,88.5000,0.4830,0,0,1,LOW_TEMP+HIGH_HUM,219,1.0000,1,-9.4000,0.0000,0.0000,0.0000,48.3000,0,1,1,0,1,1
221,-9.4000,-9.4000,-9.4000,0.0000,88.5000,0.4830,0,0,1,LOW_TEMP+HIGH_HUM,220,1.0000,1,-9.4000,0.0000,0.0000,0.0000,48.3000,0,1,1,0,1,1
222,-9.4000,-9.4000,-9.4000,0.0000,88.5000,0.4830,0,0,1,LOW_TEMP+HIGH_HUM,221,1.0000,1,-9.4000,0.0000,0.0000,0.0000,48.3000,0,1,1,0,1,1
223,-9.4000,-9.4000,-9.4000,0.0000,88.5000,0.4830,0,0,1,LOW_TEMP+HIGH_HUM,222,1.0000,1,-9.4000,0.0000,0.0000,0.0000,48.3000,0,1,1,0,1,1
224,-9.4000,-9.4000,-9.4000,0.0000,88.5000,0.4830,0,0,1,LOW_TEMP+HIGH_HUM,223,1.0000,1,-9.4000,0.0000,0.0000,0.0000,48.3000,0,1,1,0,1,1
225,-9.4000,-9.4000,-9.4000,0.0000,88.5000,0.4830,0,0,1,LOW_TEMP+HIGH_HUM,224,1.0000,1,-9.4000,0.0000,0.0000,0.0000,48.3000,0,1,1,0,1,1
226,-9.4000,-9.4000,-9.4000,0.0000,88.5000,0.4830,0,0,1,LOW_TEMP+HIGH_HUM,225,1.0000,1,-9.4000,0.0000,0.0000,0.0000,48.3000,0,1,1,0,1,1
227,-9.4000,-9.4000,-9.4000,0.0000,88.5000,0.4830,0,0,1,LOW_TEMP+HIGH_HUM,226,1.0000,1,-9.4000,0.0000,0.0000,0.0000,48.3000,0,1,1,0,1,1
228,-9.4000,-9.4000,-9.4000,0.0000,88.5000,0.4830,0,0,1,LOW_TEMP+HIGH_HUM,227,1.0000,1,-9.4000,0.0000,0.0000,0.0000,48.3000,0,1,1,0,1,1
229,-9.4000,-9.4000,-9.4000,0.0000,88.5000,0.4830,0,0,1,LOW_TEMP+HIGH_HUM,228,1.0000,1,-9.4000,0.0000,0.0000,0.0000,48.3000,0,1,1,0,1,1
230,-9.4000,-9.4000,-9.4000,0.0000,88.5000,0.4830,0,0,1,LOW_TEMP+HIGH_HUM,229,1.0000,1,-9.4000,0.0000,0.0000,0.0000,48.3000,0,1,1,0,1,1
231,-15.8000,-15.8000,-10.6800,-1.2800,88.5000,0.4830,0,0,1,LOW_TEMP+HIGH_HUM,230,1.0000,1,-10.6800,-1.2800,-5.1200,2.8622,48.3000,0,1,1,0,1,1
232,-15.8000,-15.8000,-11.9600,-1.2800,88.5000,0.4830,0,0,1,LOW_TEMP+HIGH_HUM,231,1.0000,1,-11.9600,-1.2800,-3.8400,3.5054,48.3000,0,1,1,0,1,1
233,-15.8000,-15.8000,-13.2400,-1.2800,88.5000,0.4830,0,0,1,LOW_TEMP+HIGH_HUM,232,1.0000,1,-13.2400,-1.2800,-2.5600,3.5054,48.3000,0,1,1,0,1,1
234,-15.8000,-15.8000,-14.5200,-1.2800,88.5000,0.4830,0,0,1,LOW_TEMP+HIGH_HUM,233,1.0000,1,-14.5200,-1.2800,-1.2800,2.8622,48.3000,0,1,1,0,1,1
235,-15.8000,-15.8000,-15.8000,-1.2800,88.5000,0.4830,0,0,1,LOW_TEMP+HIGH_HUM,234,1.0000,1,-15.8000,-1.2800,0.0000,0.0000,48.3000,0,1,1,0,1,1
236,-15.8000,-15.8000,-15.8000,0.0000,88.5000,0.4510,0,0,1,LOW_TEMP+HIGH_HUM,235,1.0000,1,-15.8000,0.0000,0.0000,0.0000,45.1000,0,1,1,0,1,1
237,-15.8000,-15.8000,-15.8000,0.0000,88.5000,0.3730,0,0,1,LOW_TEMP+HIGH_HUM,236,1.0000,1,-15.8000,0.0000,0.0000,0.0000,37.3000,0,1,1,0,1,1
238,-15.8000,-15.8000,-15.8000,0.0000,88.5000,0.3660,0,0,1,LOW_TEMP+HIGH_HUM,237,1.0000,1,-15.8000,0.0000,0.0000,0.0000,36.6000,0,1,1,0,1,1
239,-15.8000,-15.8000,-15.8000,0.0000,88.5000,0.3580,0,0,1,LOW_TEMP+HIGH_HUM,238,1.0000,1,-15.8000,0.0000,0.0000,0.0000,35.8000,0,1,1,0,1,1
240,-15.8000,-15.8000,-15.8000,0.0000,88.5000,0.3510,0,0,1,LOW_TEMP+HIGH_HUM,239,1.0000,1,-15.8000,0.0000,0.0000,0.0000,35.1000,0,1,1,0,1,1
241,-15.8000,-15.8000,-15.8000,0.0000,88.5000,0.3510,0,0,1,LOW_TEMP+HIGH_HUM,240,1.0000,1,-15.8000,0.0000,0.0000,0.0000,35.1000,0,1,1,0,1,1
242,-15.8000,-15.8000,-15.8000,0.0000,88.5000,0.3440,0,0,1,LOW_TEMP+HIGH_HUM,241,1.0000,1,-15.8000,0.0000,0.0000,0.0000,34.4000,0,1,1,0,1,1
243,-15.8000,-15.8000,-15.8000,0.0000,88.5000,0.3010,0,0,1,LOW_TEMP+HIGH_HUM,242,1.0000,1,-15.8000,0.0000,0.0000,0.0000,30.1000,0,1,1,0,1,1
244,-15.8000,-15.8000,-15.8000,0.0000,88.5000,0.2950,0,0,1,LOW_TEMP+HIGH_HUM,243,1.0000,1,-15.8000,0.0000,0.0000,0.0000,29.5000,0,1,1,0,1,1
245,-15.8000,-15.8000,-15.8000,0.0000,88.5000,0.2950,0,0,1,LOW_TEMP+HIGH_HUM,244,1.0000,1,-15.8000,0.0000,0.0000,0.0000,29.5000,0,1,1,0,1,1
246,-15.8000,-15.8000,-15.8000,0.0000,88.5000,0.2750,0,0,1,LOW_TEMP+HIGH_HUM,245,1.0000,1,-15.8000,0.0000,0.0000,0.0000,27.5000,0,1,1,0,1,1
247,-15.8000,-15.8000,-15.8000,0.0000,88.5000,0.2750,0,0,1,LOW_TEMP+HIGH_HUM,246,1.0000,1,-15.8000,0.0000,0.0000,0.0000,27.5000,0,1,1,0,1,1
248,-15.8000,-15.8000,-15.8000,0.0000,88.5000,0.2500,0,0,1,LOW_TEMP+HIGH_HUM,247,1.0000,1,-15.8000,0.0000,0.0000,0.0000,25.0000,0,1,1,0,1,1
249,-15.8000,-15.8000,-15.8000,0.0000,88.5000,0.2440,0,0,1,LOW_TEMP+HIGH_HUM,248,1.0000,1,-15.8000,0.0000,0.0000,0.0000,24.4000,0,1,1,0,1,1
250,-15.8000,-15.8000,-15.8000,0.0000,88.5000,0.2440,0,0,1,LOW_TEMP+HIGH_HUM,249,1.0000,1,-15.8000,0.0000,0.0000,0.0000,24.4000,0,1,1,0,1,1
251,-15.8000,-15.8000,-15.8000,0.0000,88.5000,0.2440,0,0,1,LOW_TEMP+HIGH_HUM,250,1.0000,1,-15.8000,0.0000,0.0000,0.0000,24.4000,0,1,1,0,1,1
252,-15.8000,-15.8000,-15.8000,0.0000,88.5000,0.2440,0,0,1,LOW_TEMP+HIGH_HUM,251,1.0000,1,-15.8000,0.0000,0.0000,0.0000,24.4000,0,1,1,0,1,1
253,-15.8000,-15.8000,-15.8000,0.0000,88.5000,0.2380,0,0,1,LOW_TEMP+HIGH_HUM,252,1.0000,1,-15.8000,0.0000,0.0000,0.0000,23.8000,0,1,1,0,1,1
254,-15.8000,-15.8000,-15.8000,0.0000,88.5000,0.2320,0,0,1,LOW_TEMP+HIGH_HUM,253,1.0000,1,-15.8000,0.0000,0.0000,0.0000,23.2000,0,1,1,0,1,1
255,-15.8000,-15.8000,-15.8000,0.0000,88.5000,0.2270,0,0,1,LOW_TEMP+HIGH_HUM,254,1.0000,1,-15.8000,0.0000,0.0000,0.0000,22.7000,0,1,1,0,1,1
256,-15.8000,-15.8000,-15.8000,0.0000,88.5000,0.2270,0,0,1,LOW_TEMP+HIGH_HUM,255,1.0000,1,-15.8000,0.0000,0.0000,0.0000,22.7000,0,1,1,0,1,1
257,-15.8000,-15.8000,-15.8000,0.0000,88.5000,0.2270,0,0,1,LOW_TEMP+HIGH_HUM,256,1.0000,1,-15.8000,0.0000,0.0000,0.0000,22.7000,0,1,1,0,1,1
258,-15.8000,-15.8000,-15.8000,0.0000,88.5000,0.2270,0,0,1,LOW_TEMP+HIGH_HUM,257,1.0000,1,-15.8000,0.0000,0.0000,0.0000,22.7000,0,1,1,0,1,1
259,-15.8000,-15.8000,-15.8000,0.0000,88.5000,0.2270,0,0,1,LOW_TEMP+HIGH_HUM,258,1.0000,1,-15.8000,0.0000,0.0000,0.0000,22.7000,0,1,1,0,1,1
260,-15.8000,-15.8000,-15.8000,0.0000,88.5000,0.2100,0,0,1,LOW_TEMP+HIGH_HUM,259,1.0000,1,-15.8000,0.0000,0.0000,0.0000,21.0000,0,1,1,0,1,1
261,-15.8000,-15.8000,-15.8000,0.0000,88.5000,0.2100,0,0,1,LOW_TEMP+HIGH_HUM,260,1.0000,1,-15.8000,0.0000,0.0000,0.0000,21.0000,0,1,1,0,1,1
262,-15.8000,-15.8000,-15.8000,0.0000,88.5000,0.1890,0,0,1,LOW_TEMP+HIGH_HUM,261,1.0000,1,-15.8000,0.0000,0.0000,0.0000,18.9000,0,1,1,0,1,1
263,-15.8000,-15.8000,-15.8000,0.0000,88.5000,0.1890,0,0,1,LOW_TEMP+HIGH_HUM,262,1.0000,1,-15.8000,0.0000,0.0000,0.0000,18.9000,0,1,1,0,1,1
264,-15.8000,-15.8000,-15.8000,0.0000,88.5000,0.1890,0,0,1,LOW_TEMP+HIGH_HUM,263,1.0000,1,-15.8000,0.0000,0.0000,0.0000,18.9000,0,1,1,0,1,1
265,-15.8000,-15.8000,-15.8000,0.0000,88.5000,0.1890,0,0,1,LOW_TEMP+HIGH_HUM,264,1.0000,1,-15.8000,0.0000,0.0000,0.0000,18.9000,0,1,1,0,1,1
266,-15.8000,-15.8000,-15.8000,0.0000,88.5000,0.1890,0,0,1,LOW_TEMP+HIGH_HUM,265,1.0000,1,-15.8000,0.0000,0.0000,0.0000,18.9000,0,1,1,0,1,1
267,-15.8000,-15.8000,-15.8000,0.0000,88.5000,0.1800,0,0,1,LOW_TEMP+HIGH_HUM,266,1.0000,1,-15.8000,0.0000,0.0000,0.0000,18.0000,0,1,1,0,1,1
268,-15.8000,-15.8000,-15.8000,0.0000,88.5000,0.1800,0,0,1,LOW_TEMP+HIGH_HUM,267,1.0000,1,-15.8000,0.0000,0.0000,0.0000,18.0000,0,1,1,0,1,1
269,-15.8000,-15.8000,-15.8000,0.0000,88.5000,0.1660,0,0,1,LOW_TEMP+HIGH_HUM,268,1.0000,1,-15.8000,0.0000,0.0000,0.0000,16.6000,0,1,1,0,1,1
270,-15.8000,-15.8000,-15.8000,0.0000,88.5000,0.1450,0,0,1,LOW_TEMP+HIGH_HUM,269,1.0000,1,-15.8000,0.0000,0.0000,0.0000,14.5000,0,1,1,0,1,1
271,-15.8000,-15.8000,-15.8000,0.0000,88.5000,0.1410,0,0,1,LOW_TEMP+HIGH_HUM,270,1.0000,1,-15.8000,0.0000,0.0000,0.0000,14.1000,0,1,1,0,1,1
272,-15.8000,-15.8000,-15.8000,0.0000,88.5000,0.1410,0,0,1,LOW_TEMP+HIGH_HUM,271,1.0000,1,-15.8000,0.0000,0.0000,0.0000,14.1000,0,1,1,0,1,1
273,-15.8000,-15.8000,-15.8000,0.0000,88.5000,0.1330,0,0,1,LOW_TEMP+HIGH_HUM,272,1.0000,1,-15.8000,0.0000,0.0000,0.0000,13.3000,0,1,1,0,1,1
274,-15.8000,-15.8000,-15.8000,0.0000,88.5000,0.1300,0,0,1,LOW_TEMP+HIGH_HUM,273,1.0000,1,-15.8000,0.0000,0.0000,0.0000,13.0000,0,1,1,0,1,1
275,-15.8000,-15.8000,-15.8000,0.0000,88.5000,0.1300,0,0,1,LOW_TEMP+HIGH_HUM,274,1.0000,1,-15.8000,0.0000,0.0000,0.0000,13.0000,0,1,1,0,1,1
276,-15.8000,-15.8000,-15.8000,0.0000,88.5000,0.1300,0,0,1,LOW_TEMP+HIGH_HUM,275,1.0000,1,-15.8000,0.0000,0.0000,0.0000,13.0000,0,1,1,0,1,1
277,-15.8000,-15.8000,-15.8000,0.0000,88.5000,0.1230,0,0,1,LOW_TEMP+HIGH_HUM,276,1.0000,1,-15.8000,0.0000,0.0000,0.0000,12.3000,0,1,1,0,1,1
278,-15.8000,-15.8000,-15.8000,0.0000,88.5000,0.1030,0,0,1,LOW_TEMP+HIGH_HUM,277,1.0000,1,-15.8000,0.0000,0.0000,0.0000,10.3000,0,1,1,0,1,1
279,-15.8000,-15.8000,-15.8000,0.0000,88.5000,0.1030,0,0,1,LOW_TEMP+HIGH_HUM,278,1.0000,1,-15.8000,0.0000,0.0000,0.0000,10.3000,0,1,1,0,1,1
280,-15.8000,-15.8000,-15.8000,0.0000,88.5000,0.1030,0,0,1,LOW_TEMP+HIGH_HUM,279,1.0000,1,-15.8000,0.0000,0.0000,0.0000,10.3000,0,1,1,0,1,1
281,-15.8000,-15.8000,-15.8000,0.0000,88.5000,0.1030,0,0,1,LOW_TEMP+HIGH_HUM,280,1.0000,1,-15.8000,0.0000,0.0000,0.0000,10.3000,0,1,1,0,1,1
282,-15.8000,-15.8000,-15.8000,0.0000,88.5000,0.1030,0,0,1,LOW_TEMP+HIGH_HUM,281,1.0000,1,-15.8000,0.0000,0.0000,0.0000,10.3000,0,1,1,0,1,1
283,-15.8000,-15.8000,-15.8000,0.0000,88.5000,0.1030,0,0,1,LOW_TEMP+HIGH_HUM,282,1.0000,1,-15.8000,0.0000,0.0000,0.0000,10.3000,0,1,1,0,1,1
284,-15.8000,-15.8000,-15.8000,0.0000,88.5000,0.0890,0,0,1,LOW_TEMP+HIGH_HUM,283,1.0000,1,-15.8000,0.0000,0.0000,0.0000,8.9000,0,1,1,0,1,1
285,-15.8000,-15.8000,-15.8000,0.0000,88.5000,0.0890,0,0,1,LOW_TEMP+HIGH_HUM,284,1.0000,1,-15.8000,0.0000,0.0000,0.0000,8.9000,0,1,1,0,1,1
286,-15.8000,-15.8000,-15.8000,0.0000,88.5000,0.0890,0,0,1,LOW_TEMP+HIGH_HUM,285,1.0000,1,-15.8000,0.0000,0.0000,0.0000,8.9000,0,1,1,0,1,1
287,-15.8000,-15.8000,-15.8000,0.0000,88.5000,0.0890,0,0,1,LOW_TEMP+HIGH_HUM,286,1.0000,1,-15.8000,0.0000,0.0000,0.0000,8.9000,0,1,1,0,1,1
288,-15.8000,-15.8000,-15.8000,0.0000,88.5000,0.0890,0,0,1,LOW_TEMP+HIGH_HUM,287,1.0000,1,-15.8000,0.0000,0.0000,0.0000,8.9000,0,1,1,0,1,1
289,-15.8000,-15.8000,-15.8000,0.0000,88.5000,0.0890,0,0,1,LOW_TEMP+HIGH_HUM,288,1.0000,1,-15.8000,0.0000,0.0000,0.0000,8.9000,0,1,1,0,1,1
290,-15.8000,-15.8000,-15.8000,0.0000,88.5000,0.0890,0,0,1,LOW_TEMP+HIGH_HUM,289,1.0000,1,-15.8000,0.0000,0.0000,0.0000,8.9000,0,1,1,0,1,1
291,-15.8000,-15.8000,-15.8000,0.0000,87.5000,0.0890,0,0,1,LOW_TEMP+HIGH_HUM,290,1.0000,1,-15.8000,0.0000,0.0000,0.0000,8.9000,0,1,1,0,1,1
292,-15.8000,-15.8000,-15.8000,0.0000,87.5000,0.0890,0,0,1,LOW_TEMP+HIGH_HUM,291,1.0000,1,-15.8000,0.0000,0.0000,0.0000,8.9000,0,1,1,0,1,1
293,-15.8000,-15.8000,-15.8000,0.0000,83.0000,0.0890,0,0,1,LOW_TEMP+HIGH_HUM,292,1.0000,1,-15.8000,0.0000,0.0000,0.0000,8.9000,0,1,1,0,1,1
294,-15.8000,-15.8000,-15.8000,0.0000,83.0000,0.0890,0,0,1,LOW_TEMP+HIGH_HUM,293,1.0000,1,-15.8000,0.0000,0.0000,0.0000,8.9000,0,1,1,0,1,1
295,-15.8000,-15.8000,-15.8000,0.0000,82.0000,0.0890,0,0,1,LOW_TEMP+HIGH_HUM,294,1.0000,1,-15.8000,0.0000,0.0000,0.0000,8.9000,0,1,1,0,1,1
296,-15.8000,-15.8000,-15.8000,0.0000,82.0000,0.0890,0,0,1,LOW_TEMP+HIGH_HUM,295,1.0000,1,-15.8000,0.0000,0.0000,0.0000,8.9000,0,1,1,0,1,1
297,-15.8000,-15.8000,-15.8000,0.0000,78.5000,0.0890,0,0,1,LOW_TEMP+HIGH_HUM,296,1.0000,1,-15.8000,0.0000,0.0000,0.0000,8.9000,0,1,1,0,1,1
298,-15.8000,-15.8000,-15.8000,0.0000,78.5000,0.0890,0,0,1,LOW_TEMP+HIGH_HUM,297,1.0000,1,-15.8000,0.0000,0.0000,0.0000,8.9000,0,1,1,0,1,1
299,-15.8000,-15.8000,-15.8000,0.0000,78.5000,0.0890,0,0,1,LOW_TEMP+HIGH_HUM,298,1.0000,1,-15.8000,0.0000,0.0000,0.0000,8.9000,0,1,1,0,1,1
300,-15.8000,-15.8000,-15.8000,0.0000,78.5000,0.0890,0,0,1,LOW_TEMP+HIGH_HUM,299,1.0000,1,-15.8000,0.0000,0.0000,0.0000,8.9000,0,1,1,0,1,1
301,-15.8000,-15.8000,-15.8000,0.0000,75.0000,0.0890,0,0,1,LOW_TEMP+HIGH_HUM,300,1.0000,1,-15.8000,0.0000,0.0000,0.0000,8.9000,0,1,1,0,1,1
302,-15.8000,-15.8000,-15.8000,0.0000,75.0000,0.0890,0,0,1,LOW_TEMP+HIGH_HUM,301,1.0000,1,-15.8000,0.0000,0.0000,0.0000,8.9000,0,1,1,0,1,1
303,-15.8000,-15.8000,-15.8000,0.0000,75.0000,0.0890,0,0,1,LOW_TEMP+HIGH_HUM,302,1.0000,1,-15.8000,0.0000,0.0000,0.0000,8.9000,0,1,1,0,1,1
304,-15.8000,-15.8000,-15.8000,0.0000,75.0000,0.0890,0,0,1,LOW_TEMP+HIGH_HUM,303,1.0000,1,-15.8000,0.0000,0.0000,0.0000,8.9000,0,1,1,0,1,1
305,-15.8000,-15.8000,-15.8000,0.0000,75.0000,0.0890,0,0,1,LOW_TEMP+HIGH_HUM,304,1.0000,1,-15.8000,0.0000,0.0000,0.0000,8.9000,0,1,1,0,1,1
306,-15.8000,-15.8000,-15.8000,0.0000,75.0000,0.0890,0,0,1,LOW_TEMP+HIGH_HUM,305,1.0000,1,-15.8000,0.0000,0.0000,0.0000,8.9000,0,1,1,0,1,1
307,-15.8000,-15.8000,-15.8000,0.0000,75.0000,0.0890,0,0,1,LOW_TEMP+HIGH_HUM,306,1.0000,1,-15.8000,0.0000,0.0000,0.0000,8.9000,0,1,1,0,1,1
308,-15.8000,-15.8000,-15.8000,0.0000,75.0000,0.0890,0,0,1,LOW_TEMP+HIGH_HUM,307,1.0000,1,-15.8000,0.0000,0.0000,0.0000,8.9000,0,1,1,0,1,1
309,-15.8000,-15.8000,-15.8000,0.0000,75.0000,0.0890,0,0,1,LOW_TEMP+HIGH_HUM,308,1.0000,1,-15.8000,0.0000,0.0000,0.0000,8.9000,0,1,1,0,1,1
310,-15.8000,-15.8000,-15.8000,0.0000,75.0000,0.0890,0,0,1,LOW_TEMP+HIGH_HUM,309,1.0000,1,-15.8000,0.0000,0.0000,0.0000,8.9000,0,1,1,0,1,1
311,-15.8000,-15.8000,-15.8000,0.0000,75.0000,0.0890,0,0,1,LOW_TEMP+HIGH_HUM,310,1.0000,1,-15.8000,0.0000,0.0000,0.0000,8.9000,0,1,1,0,1,1
312,-15.8000,-15.8000,-15.8000,0.0000,75.0000,0.0890,0,0,1,LOW_TEMP+HIGH_HUM,311,1.0000,1,-15.8000,0.0000,0.0000,0.0000,8.9000,0,1,1,0,1,1
313,-15.8000,-15.8000,-15.8000,0.0000,75.0000,0.0890,0,0,1,LOW_TEMP+HIGH_HUM,312,1.0000,1,-15.8000,0.0000,0.0000,0.0000,8.9000,0,1,1,0,1,1
314,-15.8000,-15.8000,-15.8000,0.0000,75.0000,0.0890,0,0,1,LOW_TEMP+HIGH_HUM,313,1.0000,1,-15.8000,0.0000,0.0000,0.0000,8.9000,0,1,1,0,1,1
315,-15.8000,-15.8000,-15.8000,0.0000,75.0000,0.0890,0,0,1,LOW_TEMP+HIGH_HUM,314,1.0000,1,-15.8000,0.0000,0.0000,0.0000,8.9000,0,1,1,0,1,1
316,-15.8000,-15.8000,-15.8000,0.0000,75.0000,0.0890,0,0,1,LOW_TEMP+HIGH_HUM,315,1.0000,1,-15.8000,0.0000,0.0000,0.0000,8.9000,0,1,1,0,1,1
317,-15.8000,-15.8000,-15.8000,0.0000,75.0000,0.0890,0,0,1,LOW_TEMP+HIGH_HUM,316,1.0000,1,-15.8000,0.0000,0.0000,0.0000,8.9000,0,1,1,0,1,1
318,-15.8000,-15.8000,-15.8000,0.0000,75.0000,0.0890,0,0,1,LOW_TEMP+HIGH_HUM,317,1.0000,1,-15.8000,0.0000,0.0000,0.0000,8.9000,0,1,1,0,1,1
319,-15.8000,-15.8000,-15.8000,0.0000,75.0000,0.0890,0,0,1,LOW_TEMP+HIGH_HUM,318,1.0000,1,-15.8000,0.0000,0.0000,0.0000,8.9000,0,1,1,0,1,1
320,-15.8000,-15.8000,-15.8000,0.0000,75.0000,0.0890,0,0,1,LOW_TEMP+HIGH_HUM,319,1.0000,1,-15.8000,0.0000,0.0000,0.0000,8.9000,0,1,1,0,1,1
321,-15.8000,-15.8000,-15.8000,0.0000,75.0000,0.0890,0,0,1,LOW_TEMP+HIGH_HUM,320,1.0000,1,-15.8000,0.0000,0.0000,0.0000,8.9000,0,1,1,0,1,1
322,-15.8000,-15.8000,-15.8000,0.0000,75.0000,0.0890,0,0,1,LOW_TEMP+HIGH_HUM,321,1.0000,1,-15.8000,0.0000,0.0000,0.0000,8.9000,0,1,1,0,1,1
323,-15.8000,-15.8000,-15.8000,0.0000,75.0000,0.0890,0,0,1,LOW_TEMP+HIGH_HUM,322,1.0000,1,-15.8000,0.0000,0.0000,0.0000,8.9000,0,1,1,0,1,1
324,-15.8000,-15.8000,-15.8000,0.0000,75.0000,0.0890,0,0,1,LOW_TEMP+HIGH_HUM,323,1.0000,1,-15.8000,0.0000,0.0000,0.0000,8.9000,0,1,1,0,1,1
325,-15.8000,-15.8000,-15.8000,0.0000,75.0000,0.0890,0,0,1,LOW_TEMP+HIGH_HUM,324,1.0000,1,-15.8000,0.0000,0.0000,0.0000,8.9000,0,1,1,0,1,1
326,-15.8000,-15.8000,-15.8000,0.0000,75.0000,0.0890,0,0,1,LOW_TEMP+HIGH_HUM,325,1.0000,1,-15.8000,0.0000,0.0000,0.0000,8.9000,0,1,1,0,1,1
327,-15.8000,-15.8000,-15.8000,0.0000,75.0000,0.0890,0,0,1,LOW_TEMP+HIGH_HUM,326,1.0000,1,-15.8000,0.0000,0.0000,0.0000,8.9000,0,1,1,0,1,1
328,-15.8000,-15.8000,-15.8000,0.0000,75.0000,0.0890,0,0,1,LOW_TEMP+HIGH_HUM,327,1.0000,1,-15.8000,0.0000,0.0000,0.0000,8.9000,0,1,1,0,1,1
329,-15.8000,-15.8000,-15.8000,0.0000,75.0000,0.0890,0,0,1,LOW_TEMP+HIGH_HUM,328,1.0000,1,-15.8000,0.0000,0.0000,0.0000,8.9000,0,1,1,0,1,1
330,-15.8000,-15.8000,-15.8000,0.0000,75.0000,0.0890,0,0,1,LOW_TEMP+HIGH_HUM,329,1.0000,1,-15.8000,0.0000,0.0000,0.0000,8.9000,0,1,1,0,1,1
331,-15.8000,-15.8000,-15.8000,0.0000,75.0000,0.0890,0,0,1,LOW_TEMP+HIGH_HUM,330,1.0000,1,-15.8000,0.0000,0.0000,0.0000,8.9000,0,1,1,0,1,1
332,-15.8000,-15.8000,-15.8000,0.0000,75.0000,0.0890,0,0,1,LOW_TEMP+HIGH_HUM,331,1.0000,1,-15.8000,0.0000,0.0000,0.0000,8.9000,0,1,1,0,1,1
333,-15.8000,-15.8000,-15.8000,0.0000,75.0000,0.0890,0,0,1,LOW_TEMP+HIGH_HUM,332,1.0000,1,-15.8000,0.0000,0.0000,0.0000,8.9000,0,1,1,0,1,1
334,-15.8000,-15.8000,-15.8000,0.0000,75.0000,0.0890,0,0,1,LOW_TEMP+HIGH_HUM,333,1.0000,1,-15.8000,0.0000,0.0000,0.0000,8.9000,0,1,1,0,1,1
335,-15.8000,-15.8000,-15.8000,0.0000,75.0000,0.0890,0,0,1,LOW_TEMP+HIGH_HUM,334,1.0000,1,-15.8000,0.0000,0.0000,0.0000,8.9000,0,1,1,0,1,1
336,-15.8000,-15.8000,-15.8000,0.0000,75.0000,0.0890,0,0,1,LOW_TEMP+HIGH_HUM,335,1.0000,1,-15.8000,0.0000,0.0000,0.0000,8.9000,0,1,1,0,1,1
337,-15.8000,-15.8000,-15.8000,0.0000,75.0000,0.0890,0,0,1,LOW_TEMP+HIGH_HUM,336,1.0000,1,-15.8000,0.0000,0.0000,0.0000,8.9000,0,1,1,0,1,1
338,-15.8000,-15.8000,-15.8000,0.0000,75.0000,0.0890,0,0,1,LOW_TEMP+HIGH_HUM,337,1.0000,1,-15.8000,0.0000,0.0000,0.0000,8.9000,0,1,1,0,1,1
339,-15.8000,-15.8000,-15.8000,0.0000,75.0000,0.0890,0,0,1,LOW_TEMP+HIGH_HUM,338,1.0000,1,-15.8000,0.0000,0.0000,0.0000,8.9000,0,1,1,0,1,1
340,-15.8000,-15.8000,-15.8000,0.0000,75.0000,0.0890,0,0,1,LOW_TEMP+HIGH_HUM,339,1.0000,1,-15.8000,0.0000,0.0000,0.0000,8.9000,0,1,1,0,1,1
341,-15.8000,-15.8000,-15.8000,0.0000,75.0000,0.0890,0,0,1,LOW_TEMP+HIGH_HUM,340,1.0000,1,-15.8000,0.0000,0.0000,0.0000,8.9000,0,1,1,0,1,1
342,-15.8000,-15.8000,-15.8000,0.0000,75.0000,0.0890,0,0,1,LOW_TEMP+HIGH_HUM,341,1.0000,1,-15.8000,0.0000,0.0000,0.0000,8.9000,0,1,1,0,1,1
343,-15.8000,-15.8000,-15.8000,0.0000,75.0000,0.0890,0,0,1,LOW_TEMP+HIGH_HUM,342,1.0000,1,-15.8000,0.0000,0.0000,0.0000,8.9000,0,1,1,0,1,1
344,-15.8000,-15.8000,-15.8000,0.0000,75.0000,0.0890,0,0,1,LOW_TEMP+HIGH_HUM,343,1.0000,1,-15.8000,0.0000,0.0000,0.0000,8.9000,0,1,1,0,1,1
345,-15.8000,-15.8000,-15.8000,0.0000,75.0000,0.0890,0,0,1,LOW_TEMP+HIGH_HUM,344,1.0000,1,-15.8000,0.0000,0.0000,0.0000,8.9000,0,1,1,0,1,1
346,-15.8000,-15.8000,-15.8000,0.0000,75.0000,0.0890,0,0,1,LOW_TEMP+HIGH_HUM,345,1.0000,1,-15.8000,0.0000,0.0000,0.0000,8.9000,0,1,1,0,1,1
347,-15.8000,-15.8000,-15.8000,0.0000,75.0000,0.0890,0,0,1,LOW_TEMP+HIGH_HUM,346,1.0000,1,-15.8000,0.0000,0.0000,0.0000,8.9000,0,1,1,0,1,1
348,-15.8000,-15.8000,-15.8000,0.0000,75.0000,0.0890,0,0,1,LOW_TEMP+HIGH_HUM,347,1.0000,1,-15.8000,0.0000,0.0000,0.0000,8.9000,0,1,1,0,1,1
349,-15.8000,-15.8000,-15.8000,0.0000,75.0000,0.0890,0,0,1,LOW_TEMP+HIGH_HUM,348,1.0000,1,-15.8000,0.0000,0.0000,0.0000,8.9000,0,1,1,0,1,1
350,-15.8000,-15.8000,-15.8000,0.0000,75.0000,0.0890,0,0,1,LOW_TEMP+HIGH_HUM,349,1.0000,1,-15.8000,0.0000,0.0000,0.0000,8.9000,0,1,1,0,1,1
351,-15.8000,-15.8000,-15.8000,0.0000,75.0000,0.0890,0,0,1,LOW_TEMP+HIGH_HUM,350,1.0000,1,-15.8000,0.0000,0.0000,0.0000,8.9000,0,1,1,0,1,1
352,-15.8000,-15.8000,-15.8000,0.0000,75.0000,0.0890,0,0,1,LOW_TEMP+HIGH_HUM,351,1.0000,1,-15.8000,0.0000,0.0000,0.0000,8.9000,0,1,1,0,1,1
353,-15.8000,-15.8000,-15.8000,0.0000,75.0000,0.0890,0,0,1,LOW_TEMP+HIGH_HUM,352,1.0000,1,-15.8000,0.0000,0.0000,0.0000,8.9000,0,1,1,0,1,1
354,-15.8000,-15.8000,-15.8000,0.0000,75.0000,0.0890,0,0,1,LOW_TEMP+HIGH_HUM,353,1.0000,1,-15.8000,0.0000,0.0000,0.0000,8.9000,0,1,1,0,1,1
355,-15.8000,-15.8000,-15.8000,0.0000,75.0000,0.0890,0,0,1,LOW_TEMP+HIGH_HUM,354,1.0000,1,-15.8000,0.0000,0.0000,0.0000,8.9000,0,1,1,0,1,1
356,-15.8000,-15.8000,-15.8000,0.0000,75.0000,0.0890,0,0,1,LOW_TEMP+HIGH_HUM,355,1.0000,1,-15.8000,0.0000,0.0000,0.0000,8.9000,0,1,1,0,1,1
357,-15.8000,-15.8000,-15.8000,0.0000,75.0000,0.0890,0,0,1,LOW_TEMP+HIGH_HUM,356,1.0000,1,-15.8000,0.0000,0.0000,0.0000,8.9000,0,1,1,0,1,1
358,-15.8000,-15.8000,-15.8000,0.0000,75.0000,0.0890,0,0,1,LOW_TEMP+HIGH_HUM,357,1.0000,1,-15.8000,0.0000,0.0000,0.0000,8.9000,0,1,1,0,1,1
359,-15.8000,-15.8000,-15.8000,0.0000,75.0000,0.0890,0,0,1,LOW_TEMP+HIGH_HUM,358,1.0000,1,-15.8000,0.0000,0.0000,0.0000,8.9000,0,1,1,0,1,1
360,-15.8000,-15.8000,-15.8000,0.0000,75.0000,0.0890,0,0,1,LOW_TEMP+HIGH_HUM,359,1.0000,1,-15.8000,0.0000,0.0000,0.0000,8.9000,0,1,1,0,1,1
361,-15.8000,-15.8000,-15.8000,0.0000,75.0000,0.0890,0,0,1,LOW_TEMP+HIGH_HUM,360,1.0000,1,-15.8000,0.0000,0.0000,0.0000,8.9000,0,1,1,0,1,1
362,-15.8000,-15.8000,-15.8000,0.0000,75.0000,0.0890,0,0,1,LOW_TEMP+HIGH_HUM,361,1.0000,1,-15.8000,0.0000,0.0000,0.0000,8.9000,0,1,1,0,1,1
363,-15.8000,-15.8000,-15.8000,0.0000,75.0000,0.0890,0,0,1,LOW_TEMP+HIGH_HUM,362,1.0000,1,-15.8000,0.0000,0.0000,0.0000,8.9000,0,1,1,0,1,1
364,-15.8000,-15.8000,-15.8000,0.0000,75.0000,0.0890,0,0,1,LOW_TEMP+HIGH_HUM,363,1.0000,1,-15.8000,0.0000,0.0000,0.0000,8.9000,0,1,1,0,1,1
365,-15.8000,-15.8000,-15.8000,0.0000,75.0000,0.0890,0,0,1,LOW_TEMP+HIGH_HUM,364,1.0000,1,-15.8000,0.0000,0.0000,0.0000,8.9000,0,1,1,0,1,1
366,-15.8000,-15.8000,-15.8000,0.0000,75.0000,0.0890,0,0,1,LOW_TEMP+HIGH_HUM,365,1.0000,1,-15.8000,0.0000,0.0000,0.0000,8.9000,0,1,1,0,1,1
367,-15.8000,-15.8000,-15.8000,0.0000,75.0000,0.0890,0,0,1,LOW_TEMP+HIGH_HUM,366,1.0000,1,-15.8000,0.0000,0.0000,0.0000,8.9000,0,1,1,0,1,1
368,-15.8000,-15.8000,-15.8000,0.0000,75.0000,0.0890,0,0,1,LOW_TEMP+HIGH_HUM,367,1.0000,1,-15.8000,0.0000,0.0000,0.0000,8.9000,0,1,1,0,1,1
369,-15.8000,-15.8000,-15.8000,0.0000,75.0000,0.0890,0,0,1,LOW_TEMP+HIGH_HUM,368,1.0000,1,-15.8000,0.0000,0.0000,0.0000,8.9000,0,1,1,0,1,1
370,-15.8000,-15.8000,-15.8000,0.0000,75.0000,0.0890,0,0,1,LOW_TEMP+HIGH_HUM,369,1.0000,1,-15.8000,0.0000,0.0000,0.0000,8.9000,0,1,1,0,1,1
371,-15.8000,-15.8000,-15.8000,0.0000,75.0000,0.0890,0,0,1,LOW_TEMP+HIGH_HUM,370,1.0000,1,-15.8000,0.0000,0.0000,0.0000,8.9000,0,1,1,0,1,1
372,-15.8000,-15.8000,-15.8000,0.0000,75.0000,0.0890,0,0,1,LOW_TEMP+HIGH_HUM,371,1.0000,1,-15.8000,0.0000,0.0000,0.0000,8.9000,0,1,1,0,1,1
373,-15.8000,-15.8000,-15.8000,0.0000,75.0000,0.0890,0,0,1,LOW_TEMP+HIGH_HUM,372,1.0000,1,-15.8000,0.0000,0.0000,0.0000,8.9000,0,1,1,0,1,1
374,-15.8000,-15.8000,-15.8000,0.0000,75.0000,0.0890,0,0,1,LOW_TEMP+HIGH_HUM,373,1.0000,1,-15.8000,0.0000,0.0000,0.0000,8.9000,0,1,1,0,1,1
375,-15.8000,-15.8000,-15.8000,0.0000,75.0000,0.0890,0,0,1,LOW_TEMP+HIGH_HUM,374,1.0000,1,-15.8000,0.0000,0.0000,0.0000,8.9000,0,1,1,0,1,1
376,-15.8000,-15.8000,-15.8000,0.0000,75.0000,0.0890,0,0,1,LOW_TEMP+HIGH_HUM,375,1.0000,1,-15.8000,0.0000,0.0000,0.0000,8.9000,0,1,1,0,1,1
377,-15.8000,-15.8000,-15.8000,0.0000,75.0000,0.0890,0,0,1,LOW_TEMP+HIGH_HUM,376,1.0000,1,-15.8000,0.0000,0.0000,0.0000,8.9000,0,1,1,0,1,1
378,-15.8000,-15.8000,-15.8000,0.0000,75.0000,0.0890,0,0,1,LOW_TEMP+HIGH_HUM,377,1.0000,1,-15.8000,0.0000,0.0000,0.0000,8.9000,0,1,1,0,1,1
379,-15.8000,-15.8000,-15.8000,0.0000,75.0000,0.0890,0,0,1,LOW_TEMP+HIGH_HUM,378,1.0000,1,-15.8000,0.0000,0.0000,0.0000,8.9000,0,1,1,0,1,1
380,-15.8000,-15.8000,-15.8000,0.0000,75.0000,0.0890,0,0,1,LOW_TEMP+HIGH_HUM,379,1.0000,1,-15.8000,0.0000,0.0000,0.0000,8.9000,0,1,1,0,1,1
381,-15.8000,-15.8000,-15.8000,0.0000,75.0000,0.0890,0,0,1,LOW_TEMP+HIGH_HUM,380,1.0000,1,-15.8000,0.0000,0.0000,0.0000,8.9000,0,1,1,0,1,1
382,-15.8000,-15.8000,-15.8000,0.0000,75.0000,0.0890,0,0,1,LOW_TEMP+HIGH_HUM,381,1.0000,1,-15.8000,0.0000,0.0000,0.0000,8.9000,0,1,1,0,1,1
383,-15.8000,-15.8000,-15.8000,0.0000,75.0000,0.0890,0,0,1,LOW_TEMP+HIGH_HUM,382,1.0000,1,-15.8000,0.0000,0.0000,0.0000,8.9000,0,1,1,0,1,1
384,-15.8000,-15.8000,-15.8000,0.0000,75.0000,0.0890,0,0,1,LOW_TEMP+HIGH_HUM,383,1.0000,1,-15.8000,0.0000,0.0000,0.0000,8.9000,0,1,1,0,1,1
385,-15.8000,-15.8000,-15.8000,0.0000,75.0000,0.0890,0,0,1,LOW_TEMP+HIGH_HUM,384,1.0000,1,-15.8000,0.0000,0.0000,0.0000,8.9000,0,1,1,0,1,1
386,-15.8000,-15.8000,-15.8000,0.0000,75.0000,0.0890,0,0,1,LOW_TEMP+HIGH_HUM,385,1.0000,1,-15.8000,0.0000,0.0000,0.0000,8.9000,0,1,1,0,1,1
387,-15.8000,-15.8000,-15.8000,0.0000,75.0000,0.0890,0,0,1,LOW_TEMP+HIGH_HUM,386,1.0000,1,-15.8000,0.0000,0.0000,0.0000,8.9000,0,1,1,0,1,1
388,-15.8000,-15.8000,-15.8000,0.0000,75.0000,0.0890,0,0,1,LOW_TEMP+HIGH_HUM,387,1.0000,1,-15.8000,0.0000,0.0000,0.0000,8.9000,0,1,1,0,1,1
389,-15.8000,-15.8000,-15.8000,0.0000,75.0000,0.0890,0,0,1,LOW_TEMP+HIGH_HUM,388,1.0000,1,-15.8000,0.0000,0.0000,0.0000,8.9000,0,1,1,0,1,1
390,-15.8000,-15.8000,-15.8000,0.0000,75.0000,0.0890,0,0,1,LOW_TEMP+HIGH_HUM,389,1.0000,1,-15.8000,0.0000,0.0000,0.0000,8.9000,0,1,1,0,1,1
391,-15.8000,-15.8000,-15.8000,0.0000,75.0000,0.0890,0,0,1,LOW_TEMP+HIGH_HUM,390,1.0000,1,-15.8000,0.0000,0.0000,0.0000,8.9000,0,1,1,0,1,1
392,-15.8000,-15.8000,-15.8000,0.0000,75.0000,0.0890,0,0,1,LOW_TEMP+HIGH_HUM,391,1.0000,1,-15.8000,0.0000,0.0000,0.0000,8.9000,0,1,1,0,1,1
393,-15.8000,-15.8000,-15.8000,0.0000,75.0000,0.0890,0,0,1,LOW_TEMP+HIGH_HUM,392,1.0000,1,-15.8000,0.0000,0.0000,0.0000,8.9000,0,1,1,0,1,1
394,-15.8000,-15.8000,-15.8000,0.0000,75.0000,0.0890,0,0,1,LOW_TEMP+HIGH_HUM,393,1.0000,1,-15.8000,0.0000,0.0000,0.0000,8.9000,0,1,1,0,1,1
395,-15.8000,-15.8000,-15.8000,0.0000,75.0000,0.0890,0,0,1,LOW_TEMP+HIGH_HUM,394,1.0000,1,-15.8000,0.0000,0.0000,0.0000,8.9000,0,1,1,0,1,1
396,-15.8000,-15.8000,-15.8000,0.0000,75.0000,0.0890,0,0,1,LOW_TEMP+HIGH_HUM,395,1.0000,1,-15.8000,0.0000,0.0000,0.0000,8.9000,0,1,1,0,1,1
397,-15.8000,-15.8000,-15.8000,0.0000,75.0000,0.0890,0,0,1,LOW_TEMP+HIGH_HUM,396,1.0000,1,-15.8000,0.0000,0.0000,0.0000,8.9000,0,1,1,0,1,1
398,-15.8000,-15.8000,-15.8000,0.0000,75.0000,0.0890,0,0,1,LOW_TEMP+HIGH_HUM,397,1.0000,1,-15.8000,0.0000,0.0000,0.0000,8.9000,0,1,1,0,1,1
399,-15.8000,-15.8000,-15.8000,0.0000,75.0000,0.0890,0,0,1,LOW_TEMP+HIGH_HUM,398,1.0000,1,-15.8000,0.0000,0.0000,0.0000,8.9000,0,1,1,0,1,1
400,-15.8000,-15.8000,-15.8000,0.0000,75.0000,0.0890,0,0,1,LOW_TEMP+HIGH_HUM,399,1.0000,1,-15.8000,0.0000,0.0000,0.0000,8.9000,0,1,1,0,1,1
401,-15.8000,-15.8000,-15.8000,0.0000,75.0000,0.0890,0,0,1,LOW_TEMP+HIGH_HUM,400,1.0000,1,-15.8000,0.0000,0.0000,0.0000,8.9000,0,1,1,0,1,1
402,-15.8000,-15.8000,-15.8000,0.0000,75.0000,0.0890,0,0,1,LOW_TEMP+HIGH_HUM,401,1.0000,1,-15.8000,0.0000,0.0000,0.0000,8.9000,0,1,1,0,1,1
403,-15.8000,-15.8000,-15.8000,0.0000,75.0000,0.0890,0,0,1,LOW_TEMP+HIGH_HUM,402,1.0000,1,-15.8000,0.0000,0.0000,0.0000,8.9000,0,1,1,0,1,1
404,-15.8000,-15.8000,-15.8000,0.0000,75.0000,0.0890,0,0,1,LOW_TEMP+HIGH_HUM,403,1.0000,1,-15.8000,0.0000,0.0000,0.0000,8.9000,0,1,1,0,1,1
405,-15.8000,-15.8000,-15.8000,0.0000,75.0000,0.0890,0,0,1,LOW_TEMP+HIGH_HUM,404,1.0000,1,-15.8000,0.0000,0.0000,0.0000,8.9000,0,1,1,0,1,1
406,-15.8000,-15.8000,-15.8000,0.0000,75.0000,0.0890,0,0,1,LOW_TEMP+HIGH_HUM,405,1.0000,1,-15.8000,0.0000,0.0000,0.0000,8.9000,0,1,1,0,1,1
407,-15.8000,-15.8000,-15.8000,0.0000,75.0000,0.0890,0,0,1,LOW_TEMP+HIGH_HUM,406,1.0000,1,-15.8000,0.0000,0.0000,0.0000,8.9000,0,1,1,0,1,1
408,-15.8000,-15.8000,-15.8000,0.0000,75.0000,0.0890,0,0,1,LOW_TEMP+HIGH_HUM,407,1.0000,1,-15.8000,0.0000,0.0000,0.0000,8.9000,0,1,1,0,1,1
409,-15.8000,-15.8000,-15.8000,0.0000,75.0000,0.0890,0,0,1,LOW_TEMP+HIGH_HUM,408,1.0000,1,-15.8000,0.0000,0.0000,0.0000,8.9000,0,1,1,0,1,1
410,-15.8000,-15.8000,-15.8000,0.0000,75.0000,0.0890,0,0,1,LOW_TEMP+HIGH_HUM,409,1.0000,1,-15.8000,0.0000,0.0000,0.0000,8.9000,0,1,1,0,1,1
411,-15.8000,-15.8000,-15.8000,0.0000,75.0000,0.0890,0,0,1,LOW_TEMP+HIGH_HUM,410,1.0000,1,-15.8000,0.0000,0.0000,0.0000,8.9000,0,1,1,0,1,1
412,-15.8000,-15.8000,-15.8000,0.0000,75.0000,0.0890,0,0,1,LOW_TEMP+HIGH_HUM,411,1.0000,1,-15.8000,0.0000,0.0000,0.0000,8.9000,0,1,1,0,1,1
413,-15.8000,-15.8000,-15.8000,0.0000,75.0000,0.0890,0,0,1,LOW_TEMP+HIGH_HUM,412,1.0000,1,-15.8000,0.0000,0.0000,0.0000,8.9000,0,1,1,0,1,1
414,-15.8000,-15.8000,-15.8000,0.0000,75.0000,0.0890,0,0,1,LOW_TEMP+HIGH_HUM,413,1.0000,1,-15.8000,0.0000,0.0000,0.0000,8.9000,0,1,1,0,1,1
415,-15.8000,-15.8000,-15.8000,0.0000,75.0000,0.0890,0,0,1,LOW_TEMP+HIGH_HUM,414,1.0000,1,-15.8000,0.0000,0.0000,0.0000,8.9000,0,1,1,0,1,1
416,-15.8000,-15.8000,-15.8000,0.0000,75.0000,0.0890,0,0,1,LOW_TEMP+HIGH_HUM,415,1.0000,1,-15.8000,0.0000,0.0000,0.0000,8.9000,0,1,1,0,1,1
417,-15.8000,-15.8000,-15.8000,0.0000,75.0000,0.0890,0,0,1,LOW_TEMP+HIGH_HUM,416,1.0000,1,-15.8000,0.0000,0.0000,0.0000,8.9000,0,1,1,0,1,1
418,-15.8000,-15.8000,-15.8000,0.0000,75.0000,0.0890,0,0,1,LOW_TEMP+HIGH_HUM,417,1.0000,1,-15.8000,0.0000,0.0000,0.0000,8.9000,0,1,1,0,1,1
419,-15.8000,-15.8000,-15.8000,0.0000,75.0000,0.0890,0,0,1,LOW_TEMP+HIGH_HUM,418,1.0000,1,-15.8000,0.0000,0.0000,0.0000,8.9000,0,1,1,0,1,1
420,-15.8000,-15.8000,-15.8000,0.0000,75.0000,0.0890,0,0,1,LOW_TEMP+HIGH_HUM,419,1.0000,1,-15.8000,0.0000,0.0000,0.0000,8.9000,0,1,1,0,1,1
421,-15.8000,-15.8000,-15.8000,0.0000,75.0000,0.0890,0,0,1,LOW_TEMP+HIGH_HUM,420,1.0000,1,-15.8000,0.0000,0.0000,0.0000,8.9000,0,1,1,0,1,1
422,-15.8000,-15.8000,-15.8000,0.0000,75.0000,0.0890,0,0,1,LOW_TEMP+HIGH_HUM,421,1.0000,1,-15.8000,0.0000,0.0000,0.0000,8.9000,0,1,1,0,1,1
423,-15.8000,-15.8000,-15.8000,0.0000,75.0000,0.0890,0,0,1,LOW_TEMP+HIGH_HUM,422,1.0000,1,-15.8000,0.0000,0.0000,0.0000,8.9000,0,1,1,0,1,1
424,-15.8000,-15.8000,-15.8000,0.0000,75.0000,0.0890,0,0,1,LOW_TEMP+HIGH_HUM,423,1.0000,1,-15.8000,0.0000,0.0000,0.0000,8.9000,0,1,1,0,1,1
425,-15.8000,-15.8000,-15.8000,0.0000,75.0000,0.0890,0,0,1,LOW_TEMP+HIGH_HUM,424,1.0000,1,-15.8000,0.0000,0.0000,0.0000,8.9000,0,1,1,0,1,1
426,-15.8000,-15.8000,-15.8000,0.0000,75.0000,0.0890,0,0,1,LOW_TEMP+HIGH_HUM,425,1.0000,1,-15.8000,0.0000,0.0000,0.0000,8.9000,0,1,1,0,1,1
427,-15.8000,-15.8000,-15.8000,0.0000,75.0000,0.0890,0,0,1,LOW_TEMP+HIGH_HUM,426,1.0000,1,-15.8000,0.0000,0.0000,0.0000,8.9000,0,1,1,0,1,1
428,-15.8000,-15.8000,-15.8000,0.0000,75.0000,0.0890,0,0,1,LOW_TEMP+HIGH_HUM,427,1.0000,1,-15.8000,0.0000,0.0000,0.0000,8.9000,0,1,1,0,1,1
429,-15.8000,-15.8000,-15.8000,0.0000,75.0000,0.0890,0,0,1,LOW_TEMP+HIGH_HUM,428,1.0000,1,-15.8000,0.0000,0.0000,0.0000,8.9000,0,1,1,0,1,1
430,-15.8000,-15.8000,-15.8000,0.0000,75.0000,0.0890,0,0,1,LOW_TEMP+HIGH_HUM,429,1.0000,1,-15.8000,0.0000,0.0000,0.0000,8.9000,0,1,1,0,1,1
431,-15.8000,-15.8000,-15.8000,0.0000,75.0000,0.0890,0,0,1,LOW_TEMP+HIGH_HUM,430,1.0000,1,-15.8000,0.0000,0.0000,0.0000,8.9000,0,1,1,0,1,1
432,-15.8000,-15.8000,-15.8000,0.0000,75.0000,0.0890,0,0,1,LOW_TEMP+HIGH_HUM,431,1.0000,1,-15.8000,0.0000,0.0000,0.0000,8.9000,0,1,1,0,1,1
433,-15.8000,-15.8000,-15.8000,0.0000,75.0000,0.0890,0,0,1,LOW_TEMP+HIGH_HUM,432,1.0000,1,-15.8000,0.0000,0.0000,0.0000,8.9000,0,1,1,0,1,1
434,-15.8000,-15.8000,-15.8000,0.0000,75.0000,0.0890,0,0,1,LOW_TEMP+HIGH_HUM,433,1.0000,1,-15.8000,0.0000,0.0000,0.0000,8.9000,0,1,1,0,1,1
435,-15.8000,-15.8000,-15.8000,0.0000,75.0000,0.0890,0,0,1,LOW_TEMP+HIGH_HUM,434,1.0000,1,-15.8000,0.0000,0.0000,0.0000,8.9000,0,1,1,0,1,1
436,-15.8000,-15.8000,-15.8000,0.0000,75.0000,0.0890,0,0,1,LOW_TEMP+HIGH_HUM,435,1.0000,1,-15.8000,0.0000,0.0000,0.0000,8.9000,0,1,1,0,1,1
437,-15.8000,-15.8000,-15.8000,0.0000,75.0000,0.0890,0,0,1,LOW_TEMP+HIGH_HUM,436,1.0000,1,-15.8000,0.0000,0.0000,0.0000,8.9000,0,1,1,0,1,1
438,-15.8000,-15.8000,-15.8000,0.0000,75.0000,0.0890,0,0,1,LOW_TEMP+HIGH_HUM,437,1.0000,1,-15.8000,0.0000,0.0000,0.0000,8.9000,0,1,1,0,1,1
439,-15.8000,-15.8000,-15.8000,0.0000,75.0000,0.0890,0,0,1,LOW_TEMP+HIGH_HUM,438,1.0000,1,-15.8000,0.0000,0.0000,0.0000,8.9000,0,1,1,0,1,1
440,-15.8000,-15.8000,-15.8000,0.0000,75.0000,0.0890,0,0,1,LOW_TEMP+HIGH_HUM,439,1.0000,1,-15.8000,0.0000,0.0000,0.0000,8.9000,0,1,1,0,1,1
441,-15.8000,-15.8000,-15.8000,0.0000,75.0000,0.0890,0,0,1,LOW_TEMP+HIGH_HUM,440,1.0000,1,-15.8000,0.0000,0.0000,0.0000,8.9000,0,1,1,0,1,1
442,-15.8000,-15.8000,-15.8000,0.0000,75.0000,0.0890,0,0,1,LOW_TEMP+HIGH_HUM,441,1.0000,1,-15.8000,0.0000,0.0000,0.0000,8.9000,0,1,1,0,1,1
443,-15.8000,-15.8000,-15.8000,0.0000,75.0000,0.0890,0,0,1,LOW_TEMP+HIGH_HUM,442,1.0000,1,-15.8000,0.0000,0.0000,0.0000,8.9000,0,1,1,0,1,1
444,-15.8000,-15.8000,-15.8000,0.0000,75.0000,0.0890,0,0,1,LOW_TEMP+HIGH_HUM,443,1.0000,1,-15.8000,0.0000,0.0000,0.0000,8.9000,0,1,1,0,1,1
445,-15.8000,-15.8000,-15.8000,0.0000,75.0000,0.0890,0,0,1,LOW_TEMP+HIGH_HUM,444,1.0000,1,-15.8000,0.0000,0.0000,0.0000,8.9000,0,1,1,0,1,1
446,-15.8000,-15.8000,-15.8000,0.0000,75.0000,0.0890,0,0,1,LOW_TEMP+HIGH_HUM,445,1.0000,1,-15.8000,0.0000,0.0000,0.0000,8.9000,0,1,1,0,1,1
447,-15.8000,-15.8000,-15.8000,0.0000,75.0000,0.0890,0,0,1,LOW_TEMP+HIGH_HUM,446,1.0000,1,-15.8000,0.0000,0.0000,0.0000,8.9000,0,1,1,0,1,1
448,-15.8000,-15.8000,-15.8000,0.0000,75.0000,0.0890,0,0,1,LOW_TEMP+HIGH_HUM,447,1.0000,1,-15.8000,0.0000,0.0000,0.0000,8.9000,0,1,1,0,1,1
449,-15.8000,-15.8000,-15.8000,0.0000,75.0000,0.0890,0,0,1,LOW_TEMP+HIGH_HUM,448,1.0000,1,-15.8000,0.0000,0.0000,0.0000,8.9000,0,1,1,0,1,1
450,-15.8000,-15.8000,-15.8000,0.0000,75.0000,0.0890,0,0,1,LOW_TEMP+HIGH_HUM,449,1.0000,1,-15.8000,0.0000,0.0000,0.0000,8.9000,0,1,1,0,1,1
451,-15.8000,-15.8000,-15.8000,0.0000,75.0000,0.0890,0,0,1,LOW_TEMP+HIGH_HUM,450,1.0000,1,-15.8000,0.0000,0.0000,0.0000,8.9000,0,1,1,0,1,1
452,-15.8000,-15.8000,-15.8000,0.0000,75.0000,0.0890,0,0,1,LOW_TEMP+HIGH_HUM,451,1.0000,1,-15.8000,0.0000,0.0000,0.0000,8.9000,0,1,1,0,1,1
453,-15.8000,-15.8000,-15.8000,0.0000,75.0000,0.0890,0,0,1,LOW_TEMP+HIGH_HUM,452,1.0000,1,-15.8000,0.0000,0.0000,0.0000,8.9000,0,1,1,0,1,1
454,-15.8000,-15.8000,-15.8000,0.0000,75.0000,0.0890,0,0,1,LOW_TEMP+HIGH_HUM,453,1.0000,1,-15.8000,0.0000,0.0000,0.0000,8.9000,0,1,1,0,1,1
455,-15.8000,-15.8000,-15.8000,0.0000,75.0000,0.0890,0,0,1,LOW_TEMP+HIGH_HUM,454,1.0000,1,-15.8000,0.0000,0.0000,0.0000,8.9000,0,1,1,0,1,1
456,-15.8000,-15.8000,-15.8000,0.0000,75.0000,0.0890,0,0,1,LOW_TEMP+HIGH_HUM,455,1.0000,1,-15.8000,0.0000,0.0000,0.0000,8.9000,0,1,1,0,1,1
457,-15.8000,-15.8000,-15.8000,0.0000,75.0000,0.0890,0,0,1,LOW_TEMP+HIGH_HUM,456,1.0000,1,-15.8000,0.0000,0.0000,0.0000,8.9000,0,1,1,0,1,1
458,-15.8000,-15.8000,-15.8000,0.0000,75.0000,0.0890,0,0,1,LOW_TEMP+HIGH_HUM,457,1.0000,1,-15.8000,0.0000,0.0000,0.0000,8.9000,0,1,1,0,1,1
459,-15.8000,-15.8000,-15.8000,0.0000,75.0000,0.0890,0,0,1,LOW_TEMP+HIGH_HUM,458,1.0000,1,-15.8000,0.0000,0.0000,0.0000,8.9000,0,1,1,0,1,1
460,-15.8000,-15.8000,-15.8000,0.0000,75.0000,0.0890,0,0,1,LOW_TEMP+HIGH_HUM,459,1.0000,1,-15.8000,0.0000,0.0000,0.0000,8.9000,0,1,1,0,1,1
461,-5.2000,-5.2000,-13.6800,2.1200,75.0000,0.0890,0,0,1,LOW_TEMP+HIGH_HUM,460,1.0000,1,-13.6800,2.1200,8.4800,4.7405,8.9000,0,1,1,0,1,1
462,-5.2000,-5.2000,-11.5600,2.1200,75.0000,0.0890,0,0,1,LOW_TEMP+HIGH_HUM,461,1.0000,1,-11.5600,2.1200,6.3600,5.8059,8.9000,0,1,1,0,1,1
463,2.3000,2.3000,-7.9400,3.6200,75.0000,0.0890,0,0,1,LOW_TEMP+HIGH_HUM,462,1.0000,1,-7.9400,3.6200,10.2400,7.8012,8.9000,0,1,1,0,1,1
464,2.3000,2.3000,-4.3200,3.6200,75.0000,0.0890,0,0,1,LOW_TEMP+HIGH_HUM,463,1.0000,1,-4.3200,3.6200,6.6200,7.4328,8.9000,0,1,1,0,1,1
465,2.3000,2.3000,-0.7000,3.6200,69.5000,0.0890,0,0,1,LOW_TEMP,464,1.0000,1,-0.7000,3.6200,3.0000,4.1079,8.9000,0,1,0,0,1,1
466,2.3000,2.3000,0.8000,1.5000,69.5000,0.0890,0,0,1,LOW_TEMP,465,1.0000,1,0.8000,1.5000,1.5000,3.3541,8.9000,0,1,0,0,1,1
467,2.3000,2.3000,2.3000,1.5000,63.5000,0.0890,0,0,1,LOW_TEMP,466,1.0000,1,2.3000,1.5000,0.0000,0.0000,8.9000,0,1,0,0,1,1
468,2.3000,2.3000,2.3000,0.0000,63.5000,0.0890,0,0,1,LOW_TEMP,467,1.0000,1,2.3000,0.0000,0.0000,0.0000,8.9000,0,1,0,0,1,1
469,2.3000,2.3000,2.3000,0.0000,54.0000,0.0890,0,0,1,LOW_TEMP,468,1.0000,1,2.3000,0.0000,0.0000,0.0000,8.9000,0,1,0,0,1,1
470,2.3000,2.3000,2.3000,0.0000,54.0000,0.0890,0,0,1,LOW_TEMP,469,1.0000,1,2.3000,0.0000,0.0000,0.0000,8.9000,0,1,0,0,1,1
471,2.3000,2.3000,2.3000,0.0000,38.5000,0.0890,0,0,1,LOW_TEMP,470,1.0000,1,2.3000,0.0000,0.0000,0.0000,8.9000,0,1,0,0,1,1
472,2.3000,2.3000,2.3000,0.0000,38.5000,0.0890,0,0,1,LOW_TEMP,471,1.0000,1,2.3000,0.0000,0.0000,0.0000,8.9000,0,1,0,0,1,1
473,2.3000,2.3000,2.3000,0.0000,41.5000,0.0890,0,0,1,LOW_TEMP,472,1.0000,1,2.3000,0.0000,0.0000,0.0000,8.9000,0,1,0,0,1,1
474,2.3000,2.3000,2.3000,0.0000,41.5000,0.0890,0,0,1,LOW_TEMP,473,1.0000,1,2.3000,0.0000,0.0000,0.0000,8.9000,0,1,0,0,1,1
475,7.6000,7.6000,3.3600,1.0600,41.5000,0.0890,0,0,1,LOW_TEMP,474,1.0000,1,3.3600,1.0600,4.2400,2.3702,8.9000,0,1,0,0,1,1
476,7.6000,7.6000,4.4200,1.0600,41.5000,0.0890,0,0,1,LOW_TEMP,475,1.0000,1,4.4200,1.0600,3.1800,2.9029,8.9000,0,1,0,0,1,1
477,9.7000,9.7000,5.9000,1.4800,41.5000,0.0890,0,0,1,LOW_TEMP,476,1.0000,1,5.9000,1.4800,3.8000,3.3963,8.9000,0,1,0,0,1,1
478,9.7000,9.7000,7.3800,1.4800,41.5000,0.0890,0,0,1,LOW_TEMP,477,1.0000,1,7.3800,1.4800,2.3200,3.0277,8.9000,0,1,0,0,1,1
479,12.9000,12.9000,9.5000,2.1200,41.5000,0.0890,0,0,1,LOW_TEMP,478,1.0000,1,9.5000,2.1200,3.4000,2.1714,8.9000,0,1,0,0,1,1
480,12.9000,12.9000,10.5600,1.0600,41.5000,0.0890,0,0,1,LOW_TEMP,479,1.0000,1,10.5600,1.0600,2.3400,2.3017,8.9000,0,1,0,0,1,1
481,20.3000,20.3000,13.1000,2.5400,41.5000,0.0890,0,0,1,NORMAL,480,1.0000,1,13.1000,2.5400,7.2000,4.3313,8.9000,0,0,0,0,0,1
482,20.3000,20.3000,15.2200,2.1200,41.5000,0.0890,0,0,1,NORMAL,481,1.0000,1,15.2200,2.1200,5.0800,4.8179,8.9000,0,0,0,0,0,1
483,24.6000,24.6000,18.2000,2.9800,41.5000,0.0890,0,0,1,NORMAL,482,1.0000,1,18.2000,2.9800,6.4000,5.1468,8.9000,0,0,0,0,0,1
484,24.6000,24.6000,20.5400,2.3400,41.5000,0.0890,0,0,1,NORMAL,483,1.0000,1,20.5400,2.3400,4.0600,4.7815,8.9000,0,0,0,0,0,1
485,29.9000,29.9000,23.9400,3.4000,41.5000,0.0890,0,0,1,NORMAL,484,1.0000,1,23.9400,3.4000,5.9600,3.9652,8.9000,0,0,0,0,0,1
486,29.9000,29.9000,25.8600,1.9200,41.5000,0.0890,0,0,1,NORMAL,485,1.0000,1,25.8600,1.9200,4.0400,4.0845,8.9000,0,0,0,0,0,1
487,34.1000,34.1000,28.6200,2.7600,41.5000,0.0890,0,0,1,HIGH_TEMP,486,1.0000,1,28.6200,2.7600,5.4800,4.0506,8.9000,1,0,0,0,1,1
488,34.1000,34.1000,30.5200,1.9000,41.5000,0.0890,0,0,1,HIGH_TEMP,487,1.0000,1,30.5200,1.9000,3.5800,3.9194,8.9000,1,0,0,0,1,1
489,35.2000,35.2000,32.6400,2.1200,41.5000,0.0890,0,0,1,HIGH_TEMP,488,1.0000,1,32.6400,2.1200,2.5600,2.5413,8.9000,1,0,0,0,1,1
490,35.2000,35.2000,33.7000,1.0600,41.5000,0.0890,0,0,1,HIGH_TEMP,489,1.0000,1,33.7000,1.0600,1.5000,2.1943,8.9000,1,0,0,0,1,1
491,38.4000,38.4000,35.4000,1.7000,41.5000,0.0890,0,0,1,HIGH_TEMP,490,1.0000,1,35.4000,1.7000,3.0000,1.7649,8.9000,1,0,0,0,1,1
492,38.4000,38.4000,36.2600,0.8600,41.5000,0.0890,0,0,1,HIGH_TEMP,491,1.0000,1,36.2600,0.8600,2.1400,2.0045,8.9000,1,0,0,0,1,1
493,38.4000,38.4000,37.1200,0.8600,41.5000,0.0890,0,0,1,HIGH_TEMP,492,1.0000,1,37.1200,0.8600,1.2800,1.7527,8.9000,1,0,0,0,1,1
494,38.4000,38.4000,37.7600,0.6400,41.5000,0.0890,0,0,1,HIGH_TEMP,493,1.0000,1,37.7600,0.6400,0.6400,1.4311,8.9000,1,0,0,0,1,1
495,38.4000,38.4000,38.4000,0.6400,41.5000,0.0890,0,0,1,HIGH_TEMP,494,1.0000,1,38.4000,0.6400,0.0000,0.0000,8.9000,1,0,0,0,1,1
496,38.4000,38.4000,38.4000,0.0000,41.5000,0.0890,0,0,1,HIGH_TEMP,495,1.0000,1,38.4000,0.0000,0.0000,0.0000,8.9000,1,0,0,0,1,1
497,38.4000,38.4000,38.4000,0.0000,41.5000,0.0890,0,0,1,HIGH_TEMP,496,1.0000,1,38.4000,0.0000,0.0000,0.0000,8.9000,1,0,0,0,1,1
498,38.4000,38.4000,38.4000,0.0000,41.5000,0.0890,0,0,1,HIGH_TEMP,497,1.0000,1,38.4000,0.0000,0.0000,0.0000,8.9000,1,0,0,0,1,1
499,38.4000,38.4000,38.4000,0.0000,41.5000,0.0890,0,0,1,HIGH_TEMP,498,1.0000,1,38.4000,0.0000,0.0000,0.0000,8.9000,1,0,0,0,1,1
500,38.4000,38.4000,38.4000,0.0000,41.5000,0.0890,0,0,1,HIGH_TEMP,499,1.0000,1,38.4000,0.0000,0.0000,0.0000,8.9000,1,0,0,0,1,1
501,42.6000,42.6000,39.2400,0.8400,41.5000,0.0890,0,0,1,HIGH_TEMP,500,1.0000,1,39.2400,0.8400,3.3600,1.8783,8.9000,1,0,0,0,1,1
502,42.6000,42.6000,40.0800,0.8400,41.5000,0.0890,0,0,1,HIGH_TEMP,501,1.0000,1,40.0800,0.8400,2.5200,2.3004,8.9000,1,0,0,0,1,1
503,43.7000,43.7000,41.1400,1.0600,41.5000,0.0890,0,0,1,HIGH_TEMP,502,1.0000,1,41.1400,1.0600,2.5600,2.5413,8.9000,1,0,0,0,1,1
504,43.7000,43.7000,42.2000,1.0600,41.5000,0.0890,0,0,1,HIGH_TEMP,503,1.0000,1,42.2000,1.0600,1.5000,2.1943,8.9000,1,0,0,0,1,1
505,47.9000,47.9000,44.1000,1.9000,41.5000,0.0890,0,0,1,HIGH_TEMP,504,1.0000,1,44.1000,1.9000,3.8000,2.1943,8.9000,1,0,0,0,1,1
506,47.9000,47.9000,45.1600,1.0600,41.5000,0.0890,0,0,1,HIGH_TEMP,505,1.0000,1,45.1600,1.0600,2.7400,2.5413,8.9000,1,0,0,0,1,1
507,49.0000,49.0000,46.4400,1.2800,41.5000,0.0890,0,0,1,HIGH_TEMP,506,1.0000,1,46.4400,1.2800,2.5600,2.5413,8.9000,1,0,0,0,1,1
508,49.0000,49.0000,47.5000,1.0600,41.5000,0.0890,0,0,1,HIGH_TEMP,507,1.0000,1,47.5000,1.0600,1.5000,2.1943,8.9000,1,0,0,0,1,1
509,50.1000,50.1000,48.7800,1.2800,41.5000,0.0890,0,0,1,HIGH_TEMP,508,1.0000,1,48.7800,1.2800,1.3200,0.9203,8.9000,1,0,0,0,1,1
510,50.1000,50.1000,49.2200,0.4400,41.5000,0.0890,0,0,1,HIGH_TEMP,509,1.0000,1,49.2200,0.4400,0.8800,0.9203,8.9000,1,0,0,0,1,1
511,50.1000,50.1000,49.6600,0.4400,41.5000,0.0890,0,0,1,HIGH_TEMP,510,1.0000,1,49.6600,0.4400,0.4400,0.6025,8.9000,1,0,0,0,1,1
512,50.1000,50.1000,49.8800,0.2200,41.5000,0.0890,0,0,1,HIGH_TEMP,511,1.0000,1,49.8800,0.2200,0.2200,0.4919,8.9000,1,0,0,0,1,1
513,50.1000,50.1000,50.1000,0.2200,41.5000,0.0890,0,0,1,HIGH_TEMP,512,1.0000,1,50.1000,0.2200,0.0000,0.0000,8.9000,1,0,0,0,1,1
514,50.1000,50.1000,50.1000,0.0000,41.5000,0.0890,0,0,1,HIGH_TEMP,513,1.0000,1,50.1000,0.0000,0.0000,0.0000,8.9000,1,0,0,0,1,1
515,50.1000,50.1000,50.1000,0.0000,41.5000,0.0890,0,0,1,HIGH_TEMP,514,1.0000,1,50.1000,0.0000,0.0000,0.0000,8.9000,1,0,0,0,1,1
516,50.1000,50.1000,50.1000,0.0000,41.5000,0.0890,0,0,1,HIGH_TEMP,515,1.0000,1,50.1000,0.0000,0.0000,0.0000,8.9000,1,0,0,0,1,1
517,50.1000,50.1000,50.1000,0.0000,41.5000,0.0890,0,0,1,HIGH_TEMP,516,1.0000,1,50.1000,0.0000,0.0000,0.0000,8.9000,1,0,0,0,1,1
518,50.1000,50.1000,50.1000,0.0000,41.5000,0.0890,0,0,1,HIGH_TEMP,517,1.0000,1,50.1000,0.0000,0.0000,0.0000,8.9000,1,0,0,0,1,1
519,50.1000,50.1000,50.1000,0.0000,41.5000,0.0890,0,0,1,HIGH_TEMP,518,1.0000,1,50.1000,0.0000,0.0000,0.0000,8.9000,1,0,0,0,1,1
520,50.1000,50.1000,50.1000,0.0000,41.5000,0.0890,0,0,1,HIGH_TEMP,519,1.0000,1,50.1000,0.0000,0.0000,0.0000,8.9000,1,0,0,0,1,1
521,50.1000,50.1000,50.1000,0.0000,41.5000,0.0890,0,0,1,HIGH_TEMP,520,1.0000,1,50.1000,0.0000,0.0000,0.0000,8.9000,1,0,0,0,1,1
522,50.1000,50.1000,50.1000,0.0000,41.5000,0.0890,0,0,1,HIGH_TEMP,521,1.0000,1,50.1000,0.0000,0.0000,0.0000,8.9000,1,0,0,0,1,1
523,50.1000,50.1000,50.1000,0.0000,41.5000,0.0890,0,0,1,HIGH_TEMP,522,1.0000,1,50.1000,0.0000,0.0000,0.0000,8.9000,1,0,0,0,1,1
524,50.1000,50.1000,50.1000,0.0000,41.5000,0.0890,0,0,1,HIGH_TEMP,523,1.0000,1,50.1000,0.0000,0.0000,0.0000,8.9000,1,0,0,0,1,1
525,50.1000,50.1000,50.1000,0.0000,41.5000,0.0890,0,0,1,HIGH_TEMP,524,1.0000,1,50.1000,0.0000,0.0000,0.0000,8.9000,1,0,0,0,1,1
526,50.1000,50.1000,50.1000,0.0000,41.5000,0.0890,0,0,1,HIGH_TEMP,525,1.0000,1,50.1000,0.0000,0.0000,0.0000,8.9000,1,0,0,0,1,1
527,50.1000,50.1000,50.1000,0.0000,41.5000,0.0890,0,0,1,HIGH_TEMP,526,1.0000,1,50.1000,0.0000,0.0000,0.0000,8.9000,1,0,0,0,1,1
528,50.1000,50.1000,50.1000,0.0000,41.5000,0.0890,0,0,1,HIGH_TEMP,527,1.0000,1,50.1000,0.0000,0.0000,0.0000,8.9000,1,0,0,0,1,1
529,50.1000,50.1000,50.1000,0.0000,41.5000,0.0890,0,0,1,HIGH_TEMP,528,1.0000,1,50.1000,0.0000,0.0000,0.0000,8.9000,1,0,0,0,1,1
530,50.1000,50.1000,50.1000,0.0000,41.5000,0.0890,0,0,1,HIGH_TEMP,529,1.0000,1,50.1000,0.0000,0.0000,0.0000,8.9000,1,0,0,0,1,1
531,50.1000,50.1000,50.1000,0.0000,41.5000,0.0890,0,0,1,HIGH_TEMP,530,1.0000,1,50.1000,0.0000,0.0000,0.0000,8.9000,1,0,0,0,1,1
532,50.1000,50.1000,50.1000,0.0000,41.5000,0.0890,0,0,1,HIGH_TEMP,531,1.0000,1,50.1000,0.0000,0.0000,0.0000,8.9000,1,0,0,0,1,1
533,50.1000,50.1000,50.1000,0.0000,41.5000,0.0890,0,0,1,HIGH_TEMP,532,1.0000,1,50.1000,0.0000,0.0000,0.0000,8.9000,1,0,0,0,1,1
534,50.1000,50.1000,50.1000,0.0000,41.5000,0.0890,0,0,1,HIGH_TEMP,533,1.0000,1,50.1000,0.0000,0.0000,0.0000,8.9000,1,0,0,0,1,1
535,50.1000,50.1000,50.1000,0.0000,41.5000,0.0890,0,0,1,HIGH_TEMP,534,1.0000,1,50.1000,0.0000,0.0000,0.0000,8.9000,1,0,0,0,1,1
536,50.1000,50.1000,50.1000,0.0000,41.5000,0.0890,0,0,1,HIGH_TEMP,535,1.0000,1,50.1000,0.0000,0.0000,0.0000,8.9000,1,0,0,0,1,1
537,50.1000,50.1000,50.1000,0.0000,41.5000,0.0890,0,0,1,HIGH_TEMP,536,1.0000,1,50.1000,0.0000,0.0000,0.0000,8.9000,1,0,0,0,1,1
538,50.1000,50.1000,50.1000,0.0000,41.5000,0.0890,0,0,1,HIGH_TEMP,537,1.0000,1,50.1000,0.0000,0.0000,0.0000,8.9000,1,0,0,0,1,1
539,50.1000,50.1000,50.1000,0.0000,41.5000,0.0890,0,0,1,HIGH_TEMP,538,1.0000,1,50.1000,0.0000,0.0000,0.0000,8.9000,1,0,0,0,1,1
540,50.1000,50.1000,50.1000,0.0000,41.5000,0.0890,0,0,1,HIGH_TEMP,539,1.0000,1,50.1000,0.0000,0.0000,0.0000,8.9000,1,0,0,0,1,1
541,50.1000,50.1000,50.1000,0.0000,41.5000,0.0890,0,0,1,HIGH_TEMP,540,1.0000,1,50.1000,0.0000,0.0000,0.0000,8.9000,1,0,0,0,1,1
542,50.1000,50.1000,50.1000,0.0000,41.5000,0.0890,0,0,1,HIGH_TEMP,541,1.0000,1,50.1000,0.0000,0.0000,0.0000,8.9000,1,0,0,0,1,1
543,50.1000,50.1000,50.1000,0.0000,41.5000,0.0890,0,0,1,HIGH_TEMP,542,1.0000,1,50.1000,0.0000,0.0000,0.0000,8.9000,1,0,0,0,1,1
544,50.1000,50.1000,50.1000,0.0000,41.5000,0.0890,0,0,1,HIGH_TEMP,543,1.0000,1,50.1000,0.0000,0.0000,0.0000,8.9000,1,0,0,0,1,1
545,62.8000,62.8000,52.6400,2.5400,41.5000,0.0890,0,0,1,HIGH_TEMP,544,1.0000,1,52.6400,2.5400,10.1600,5.6796,8.9000,1,0,0,0,1,1
546,62.8000,62.8000,55.1800,2.5400,41.5000,0.0890,0,0,1,HIGH_TEMP,545,1.0000,1,55.1800,2.5400,7.6200,6.9561,8.9000,1,0,0,0,1,1
547,62.8000,62.8000,57.7200,2.5400,41.5000,0.0890,0,0,1,HIGH_TEMP,546,1.0000,1,57.7200,2.5400,5.0800,6.9561,8.9000,1,0,0,0,1,1
548,62.8000,62.8000,60.2600,2.5400,41.5000,0.0890,0,0,1,HIGH_TEMP,547,1.0000,1,60.2600,2.5400,2.5400,5.6796,8.9000,1,0,0,0,1,1
549,62.8000,62.8000,62.8000,2.5400,41.5000,0.0890,0,0,1,HIGH_TEMP,548,1.0000,1,62.8000,2.5400,0.0000,0.0000,8.9000,1,0,0,0,1,1
550,62.8000,62.8000,62.8000,0.0000,41.5000,0.0890,0,0,1,HIGH_TEMP,549,1.0000,1,62.8000,0.0000,0.0000,0.0000,8.9000,1,0,0,0,1,1
551,62.8000,62.8000,62.8000,0.0000,41.5000,0.0890,0,0,1,HIGH_TEMP,550,1.0000,1,62.8000,0.0000,0.0000,0.0000,8.9000,1,0,0,0,1,1
552,62.8000,62.8000,62.8000,0.0000,41.5000,0.0890,1,1,1,HIGH_TEMP,551,1.0000,1,62.8000,0.0000,0.0000,0.0000,8.9000,1,0,0,0,1,2
553,62.8000,62.8000,62.8000,0.0000,41.5000,0.0890,1,0,1,HIGH_TEMP,552,1.0000,1,62.8000,0.0000,0.0000,0.0000,8.9000,1,0,0,0,1,2
554,62.8000,62.8000,62.8000,0.0000,41.5000,0.0890,1,0,1,HIGH_TEMP,553,1.0000,1,62.8000,0.0000,0.0000,0.0000,8.9000,1,0,0,0,1,2
555,62.8000,62.8000,62.8000,0.0000,41.5000,0.0890,1,0,1,HIGH_TEMP,554,1.0000,1,62.8000,0.0000,0.0000,0.0000,8.9000,1,0,0,0,1,2
556,62.8000,62.8000,62.8000,0.0000,41.5000,0.0890,1,0,1,HIGH_TEMP,555,1.0000,1,62.8000,0.0000,0.0000,0.0000,8.9000,1,0,0,0,1,2
557,62.8000,62.8000,62.8000,0.0000,41.5000,0.0890,1,0,1,HIGH_TEMP,556,1.0000,1,62.8000,0.0000,0.0000,0.0000,8.9000,1,0,0,0,1,2
558,62.8000,62.8000,62.8000,0.0000,41.5000,0.0890,1,0,1,HIGH_TEMP,557,1.0000,1,62.8000,0.0000,0.0000,0.0000,8.9000,1,0,0,0,1,2
559,62.8000,62.8000,62.8000,0.0000,41.5000,0.0890,1,0,1,HIGH_TEMP,558,1.0000,1,62.8000,0.0000,0.0000,0.0000,8.9000,1,0,0,0,1,2
560,62.8000,62.8000,62.8000,0.0000,41.5000,0.0890,0,0,1,HIGH_TEMP,559,1.0000,1,62.8000,0.0000,0.0000,0.0000,8.9000,1,0,0,0,1,2
561,62.8000,62.8000,62.8000,0.0000,41.5000,0.0890,0,0,1,HIGH_TEMP,560,1.0000,1,62.8000,0.0000,0.0000,0.0000,8.9000,1,0,0,0,1,2
562,62.8000,62.8000,62.8000,0.0000,41.5000,0.0890,0,0,1,HIGH_TEMP,561,1.0000,1,62.8000,0.0000,0.0000,0.0000,8.9000,1,0,0,0,1,2
563,62.8000,62.8000,62.8000,0.0000,41.5000,0.0890,1,1,1,HIGH_TEMP,562,1.0000,1,62.8000,0.0000,0.0000,0.0000,8.9000,1,0,0,0,1,3
564,62.8000,62.8000,62.8000,0.0000,41.5000,0.0890,1,0,1,HIGH_TEMP,563,1.0000,1,62.8000,0.0000,0.0000,0.0000,8.9000,1,0,0,0,1,3
565,62.8000,62.8000,62.8000,0.0000,41.5000,0.0890,1,0,1,HIGH_TEMP,564,1.0000,1,62.8000,0.0000,0.0000,0.0000,8.9000,1,0,0,0,1,3
566,62.8000,62.8000,62.8000,0.0000,41.5000,0.0890,1,0,1,HIGH_TEMP,565,1.0000,1,62.8000,0.0000,0.0000,0.0000,8.9000,1,0,0,0,1,3
567,62.8000,62.8000,62.8000,0.0000,41.5000,0.0890,1,0,1,HIGH_TEMP,566,1.0000,1,62.8000,0.0000,0.0000,0.0000,8.9000,1,0,0,0,1,3
568,62.8000,62.8000,62.8000,0.0000,41.5000,0.0890,1,0,1,HIGH_TEMP,567,1.0000,1,62.8000,0.0000,0.0000,0.0000,8.9000,1,0,0,0,1,3
569,62.8000,62.8000,62.8000,0.0000,41.5000,0.0890,1,0,1,HIGH_TEMP,568,1.0000,1,62.8000,0.0000,0.0000,0.0000,8.9000,1,0,0,0,1,3
570,62.8000,62.8000,62.8000,0.0000,41.5000,0.0890,1,0,1,HIGH_TEMP,569,1.0000,1,62.8000,0.0000,0.0000,0.0000,8.9000,1,0,0,0,1,3
571,62.8000,62.8000,62.8000,0.0000,41.5000,0.0890,1,0,1,HIGH_TEMP,570,1.0000,1,62.8000,0.0000,0.0000,0.0000,8.9000,1,0,0,0,1,3
572,62.8000,62.8000,62.8000,0.0000,41.5000,0.0890,1,0,1,HIGH_TEMP,571,1.0000,1,62.8000,0.0000,0.0000,0.0000,8.9000,1,0,0,0,1,3
573,62.8000,62.8000,62.8000,0.0000,41.5000,0.0890,0,0,1,HIGH_TEMP,572,1.0000,1,62.8000,0.0000,0.0000,0.0000,8.9000,1,0,0,0,1,3
574,62.8000,62.8000,62.8000,0.0000,41.5000,0.0890,0,0,1,HIGH_TEMP,573,1.0000,1,62.8000,0.0000,0.0000,0.0000,8.9000,1,0,0,0,1,3
575,62.8000,62.8000,62.8000,0.0000,41.5000,0.0890,0,0,1,HIGH_TEMP,574,1.0000,1,62.8000,0.0000,0.0000,0.0000,8.9000,1,0,0,0,1,3
576,62.8000,62.8000,62.8000,0.0000,41.5000,0.0890,0,0,1,HIGH_TEMP,575,1.0000,1,62.8000,0.0000,0.0000,0.0000,8.9000,1,0,0,0,1,3
577,62.8000,62.8000,62.8000,0.0000,41.5000,0.0890,0,0,1,HIGH_TEMP,576,1.0000,1,62.8000,0.0000,0.0000,0.0000,8.9000,1,0,0,0,1,3
578,62.8000,62.8000,62.8000,0.0000,41.5000,0.0890,0,0,1,HIGH_TEMP,577,1.0000,1,62.8000,0.0000,0.0000,0.0000,8.9000,1,0,0,0,1,3
579,62.8000,62.8000,62.8000,0.0000,41.5000,0.0890,1,1,1,HIGH_TEMP,578,1.0000,1,62.8000,0.0000,0.0000,0.0000,8.9000,1,0,0,0,1,4
580,62.8000,62.8000,62.8000,0.0000,41.5000,0.0890,1,0,1,HIGH_TEMP,579,1.0000,1,62.8000,0.0000,0.0000,0.0000,8.9000,1,0,0,0,1,4
581,62.8000,62.8000,62.8000,0.0000,41.5000,0.0890,1,0,1,HIGH_TEMP,580,1.0000,1,62.8000,0.0000,0.0000,0.0000,8.9000,1,0,0,0,1,4
582,62.8000,62.8000,62.8000,0.0000,41.5000,0.0890,1,0,1,HIGH_TEMP,581,1.0000,1,62.8000,0.0000,0.0000,0.0000,8.9000,1,0,0,0,1,4
583,62.8000,62.8000,62.8000,0.0000,41.5000,0.0890,1,0,1,HIGH_TEMP,582,1.0000,1,62.8000,0.0000,0.0000,0.0000,8.9000,1,0,0,0,1,4
584,62.8000,62.8000,62.8000,0.0000,41.5000,0.0890,1,0,1,HIGH_TEMP,583,1.0000,1,62.8000,0.0000,0.0000,0.0000,8.9000,1,0,0,0,1,4
585,62.8000,62.8000,62.8000,0.0000,41.5000,0.0890,1,0,1,HIGH_TEMP,584,1.0000,1,62.8000,0.0000,0.0000,0.0000,8.9000,1,0,0,0,1,4
586,62.8000,62.8000,62.8000,0.0000,41.5000,0.0890,1,0,1,HIGH_TEMP,585,1.0000,1,62.8000,0.0000,0.0000,0.0000,8.9000,1,0,0,0,1,4
587,62.8000,62.8000,62.8000,0.0000,41.5000,0.0890,1,0,1,HIGH_TEMP,586,1.0000,1,62.8000,0.0000,0.0000,0.0000,8.9000,1,0,0,0,1,4
588,62.8000,62.8000,62.8000,0.0000,41.5000,0.0890,1,0,1,HIGH_TEMP,587,1.0000,1,62.8000,0.0000,0.0000,0.0000,8.9000,1,0,0,0,1,4
589,62.8000,62.8000,62.8000,0.0000,41.5000,0.0890,1,0,1,HIGH_TEMP,588,1.0000,1,62.8000,0.0000,0.0000,0.0000,8.9000,1,0,0,0,1,4
590,62.8000,62.8000,62.8000,0.0000,41.5000,0.0890,1,0,1,HIGH_TEMP,589,1.0000,1,62.8000,0.0000,0.0000,0.0000,8.9000,1,0,0,0,1,4
591,62.8000,62.8000,62.8000,0.0000,41.5000,0.0890,1,0,1,HIGH_TEMP,590,1.0000,1,62.8000,0.0000,0.0000,0.0000,8.9000,1,0,0,0,1,4
592,62.8000,62.8000,62.8000,0.0000,41.5000,0.0890,0,0,1,HIGH_TEMP,591,1.0000,1,62.8000,0.0000,0.0000,0.0000,8.9000,1,0,0,0,1,4
593,62.8000,62.8000,62.8000,0.0000,41.5000,0.0890,0,0,1,HIGH_TEMP,592,1.0000,1,62.8000,0.0000,0.0000,0.0000,8.9000,1,0,0,0,1,4
594,62.8000,62.8000,62.8000,0.0000,41.5000,0.0890,0,0,1,HIGH_TEMP,593,1.0000,1,62.8000,0.0000,0.0000,0.0000,8.9000,1,0,0,0,1,4
595,62.8000,62.8000,62.8000,0.0000,41.5000,0.0890,0,0,1,HIGH_TEMP,594,1.0000,1,62.8000,0.0000,0.0000,0.0000,8.9000,1,0,0,0,1,4
596,62.8000,62.8000,62.8000,0.0000,41.5000,0.0890,0,0,1,HIGH_TEMP,595,1.0000,1,62.8000,0.0000,0.0000,0.0000,8.9000,1,0,0,0,1,4
597,62.8000,62.8000,62.8000,0.0000,41.5000,0.0890,0,0,1,HIGH_TEMP,596,1.0000,1,62.8000,0.0000,0.0000,0.0000,8.9000,1,0,0,0,1,4
598,62.8000,62.8000,62.8000,0.0000,41.5000,0.0890,0,0,1,HIGH_TEMP,597,1.0000,1,62.8000,0.0000,0.0000,0.0000,8.9000,1,0,0,0,1,4
599,62.8000,62.8000,62.8000,0.0000,41.5000,0.0890,0,0,1,HIGH_TEMP,598,1.0000,1,62.8000,0.0000,0.0000,0.0000,8.9000,1,0,0,0,1,4
600,62.8000,62.8000,62.8000,0.0000,41.5000,0.0890,0,0,1,HIGH_TEMP,599,1.0000,1,62.8000,0.0000,0.0000,0.0000,8.9000,1,0,0,0,1,4
601,62.8000,62.8000,62.8000,0.0000,41.5000,0.0890,0,0,1,HIGH_TEMP,600,1.0000,1,62.8000,0.0000,0.0000,0.0000,8.9000,1,0,0,0,1,4
602,62.8000,62.8000,62.8000,0.0000,41.5000,0.0890,0,0,1,HIGH_TEMP,601,1.0000,1,62.8000,0.0000,0.0000,0.0000,8.9000,1,0,0,0,1,4
603,62.8000,62.8000,62.8000,0.0000,41.5000,0.0890,0,0,1,HIGH_TEMP,602,1.0000,1,62.8000,0.0000,0.0000,0.0000,8.9000,1,0,0,0,1,4
604,62.8000,62.8000,62.8000,0.0000,41.5000,0.0890,0,0,1,HIGH_TEMP,603,1.0000,1,62.8000,0.0000,0.0000,0.0000,8.9000,1,0,0,0,1,4
605,62.8000,62.8000,62.8000,0.0000,41.5000,0.0890,0,0,1,HIGH_TEMP,604,1.0000,1,62.8000,0.0000,0.0000,0.0000,8.9000,1,0,0,0,1,4
606,62.8000,62.8000,62.8000,0.0000,41.5000,0.0890,0,0,1,HIGH_TEMP,605,1.0000,1,62.8000,0.0000,0.0000,0.0000,8.9000,1,0,0,0,1,4
607,62.8000,62.8000,62.8000,0.0000,41.5000,0.0890,0,0,1,HIGH_TEMP,606,1.0000,1,62.8000,0.0000,0.0000,0.0000,8.9000,1,0,0,0,1,4
608,62.8000,62.8000,62.8000,0.0000,41.5000,0.0890,0,0,1,HIGH_TEMP,607,1.0000,1,62.8000,0.0000,0.0000,0.0000,8.9000,1,0,0,0,1,4
609,62.8000,62.8000,62.8000,0.0000,41.5000,0.0890,0,0,1,HIGH_TEMP,608,1.0000,1,62.8000,0.0000,0.0000,0.0000,8.9000,1,0,0,0,1,4
610,62.8000,62.8000,62.8000,0.0000,41.5000,0.0890,0,0,1,HIGH_TEMP,609,1.0000,1,62.8000,0.0000,0.0000,0.0000,8.9000,1,0,0,0,1,4
611,62.8000,62.8000,62.8000,0.0000,41.5000,0.0890,0,0,1,HIGH_TEMP,610,1.0000,1,62.8000,0.0000,0.0000,0.0000,8.9000,1,0,0,0,1,4
612,62.8000,62.8000,62.8000,0.0000,41.5000,0.0890,0,0,1,HIGH_TEMP,611,1.0000,1,62.8000,0.0000,0.0000,0.0000,8.9000,1,0,0,0,1,4
613,62.8000,62.8000,62.8000,0.0000,41.5000,0.0890,0,0,1,HIGH_TEMP,612,1.0000,1,62.8000,0.0000,0.0000,0.0000,8.9000,1,0,0,0,1,4
614,62.8000,62.8000,62.8000,0.0000,41.5000,0.0890,0,0,1,HIGH_TEMP,613,1.0000,1,62.8000,0.0000,0.0000,0.0000,8.9000,1,0,0,0,1,4
615,62.8000,62.8000,62.8000,0.0000,41.5000,0.0890,0,0,1,HIGH_TEMP,614,1.0000,1,62.8000,0.0000,0.0000,0.0000,8.9000,1,0,0,0,1,4
616,62.8000,62.8000,62.8000,0.0000,41.5000,0.0890,0,0,1,HIGH_TEMP,615,1.0000,1,62.8000,0.0000,0.0000,0.0000,8.9000,1,0,0,0,1,4
617,62.8000,62.8000,62.8000,0.0000,41.5000,0.0890,0,0,1,HIGH_TEMP,616,1.0000,1,62.8000,0.0000,0.0000,0.0000,8.9000,1,0,0,0,1,4
618,62.8000,62.8000,62.8000,0.0000,41.5000,0.0890,0,0,1,HIGH_TEMP,617,1.0000,1,62.8000,0.0000,0.0000,0.0000,8.9000,1,0,0,0,1,4
619,62.8000,62.8000,62.8000,0.0000,41.5000,0.0890,0,0,1,HIGH_TEMP,618,1.0000,1,62.8000,0.0000,0.0000,0.0000,8.9000,1,0,0,0,1,4
620,62.8000,62.8000,62.8000,0.0000,41.5000,0.0890,0,0,1,HIGH_TEMP,619,1.0000,1,62.8000,0.0000,0.0000,0.0000,8.9000,1,0,0,0,1,4
621,62.8000,62.8000,62.8000,0.0000,41.5000,0.0890,0,0,1,HIGH_TEMP,620,1.0000,1,62.8000,0.0000,0.0000,0.0000,8.9000,1,0,0,0,1,4
622,62.8000,62.8000,62.8000,0.0000,41.5000,0.0890,0,0,1,HIGH_TEMP,621,1.0000,1,62.8000,0.0000,0.0000,0.0000,8.9000,1,0,0,0,1,4
623,62.8000,62.8000,62.8000,0.0000,41.5000,0.0890,0,0,1,HIGH_TEMP,622,1.0000,1,62.8000,0.0000,0.0000,0.0000,8.9000,1,0,0,0,1,4
624,62.8000,62.8000,62.8000,0.0000,41.5000,0.0890,0,0,1,HIGH_TEMP,623,1.0000,1,62.8000,0.0000,0.0000,0.0000,8.9000,1,0,0,0,1,4
625,62.8000,62.8000,62.8000,0.0000,41.5000,0.0890,1,1,1,HIGH_TEMP,624,1.0000,1,62.8000,0.0000,0.0000,0.0000,8.9000,1,0,0,0,1,5
626,62.8000,62.8000,62.8000,0.0000,41.5000,0.0890,1,0,1,HIGH_TEMP,625,1.0000,1,62.8000,0.0000,0.0000,0.0000,8.9000,1,0,0,0,1,5
627,62.8000,62.8000,62.8000,0.0000,41.5000,0.0890,1,0,1,HIGH_TEMP,626,1.0000,1,62.8000,0.0000,0.0000,0.0000,8.9000,1,0,0,0,1,5
628,62.8000,62.8000,62.8000,0.0000,41.5000,0.0890,1,0,1,HIGH_TEMP,627,1.0000,1,62.8000,0.0000,0.0000,0.0000,8.9000,1,0,0,0,1,5
629,62.8000,62.8000,62.8000,0.0000,41.5000,0.0890,1,0,1,HIGH_TEMP,628,1.0000,1,62.8000,0.0000,0.0000,0.0000,8.9000,1,0,0,0,1,5
630,62.8000,62.8000,62.8000,0.0000,41.5000,0.0890,0,0,1,HIGH_TEMP,629,1.0000,1,62.8000,0.0000,0.0000,0.0000,8.9000,1,0,0,0,1,5
631,62.8000,62.8000,62.8000,0.0000,41.5000,0.0890,0,0,1,HIGH_TEMP,630,1.0000,1,62.8000,0.0000,0.0000,0.0000,8.9000,1,0,0,0,1,5
632,62.8000,62.8000,62.8000,0.0000,41.5000,0.0890,0,0,1,HIGH_TEMP,631,1.0000,1,62.8000,0.0000,0.0000,0.0000,8.9000,1,0,0,0,1,5
633,62.8000,62.8000,62.8000,0.0000,41.5000,0.0890,0,0,1,HIGH_TEMP,632,1.0000,1,62.8000,0.0000,0.0000,0.0000,8.9000,1,0,0,0,1,5
634,62.8000,62.8000,62.8000,0.0000,41.5000,0.0890,1,1,1,HIGH_TEMP,633,1.0000,1,62.8000,0.0000,0.0000,0.0000,8.9000,1,0,0,0,1,6
635,62.8000,62.8000,62.8000,0.0000,41.5000,0.0890,1,0,1,HIGH_TEMP,634,1.0000,1,62.8000,0.0000,0.0000,0.0000,8.9000,1,0,0,0,1,6
636,62.8000,62.8000,62.8000,0.0000,41.5000,0.0890,1,0,1,HIGH_TEMP,635,1.0000,1,62.8000,0.0000,0.0000,0.0000,8.9000,1,0,0,0,1,6
637,62.8000,62.8000,62.8000,0.0000,41.5000,0.0890,1,0,1,HIGH_TEMP,636,1.0000,1,62.8000,0.0000,0.0000,0.0000,8.9000,1,0,0,0,1,6
638,62.8000,62.8000,62.8000,0.0000,41.5000,0.0890,1,0,1,HIGH_TEMP,637,1.0000,1,62.8000,0.0000,0.0000,0.0000,8.9000,1,0,0,0,1,6
639,62.8000,62.8000,62.8000,0.0000,41.5000,0.0890,0,0,1,HIGH_TEMP,638,1.0000,1,62.8000,0.0000,0.0000,0.0000,8.9000,1,0,0,0,1,6
640,62.8000,62.8000,62.8000,0.0000,41.5000,0.0890,0,0,1,HIGH_TEMP,639,1.0000,1,62.8000,0.0000,0.0000,0.0000,8.9000,1,0,0,0,1,6
641,62.8000,62.8000,62.8000,0.0000,41.5000,0.0890,0,0,1,HIGH_TEMP,640,1.0000,1,62.8000,0.0000,0.0000,0.0000,8.9000,1,0,0,0,1,6
642,62.8000,62.8000,62.8000,0.0000,41.5000,0.0890,0,0,1,HIGH_TEMP,641,1.0000,1,62.8000,0.0000,0.0000,0.0000,8.9000,1,0,0,0,1,6
643,62.8000,62.8000,62.8000,0.0000,41.5000,0.0890,0,0,1,HIGH_TEMP,642,1.0000,1,62.8000,0.0000,0.0000,0.0000,8.9000,1,0,0,0,1,6
644,62.8000,62.8000,62.8000,0.0000,41.5000,0.0890,0,0,1,HIGH_TEMP,643,1.0000,1,62.8000,0.0000,0.0000,0.0000,8.9000,1,0,0,0,1,6
645,62.8000,62.8000,62.8000,0.0000,41.5000,0.0890,0,0,1,HIGH_TEMP,644,1.0000,1,62.8000,0.0000,0.0000,0.0000,8.9000,1,0,0,0,1,6
646,62.8000,62.8000,62.8000,0.0000,41.5000,0.0890,0,0,1,HIGH_TEMP,645,1.0000,1,62.8000,0.0000,0.0000,0.0000,8.9000,1,0,0,0,1,6
647,62.8000,62.8000,62.8000,0.0000,41.5000,0.0890,0,0,1,HIGH_TEMP,646,1.0000,1,62.8000,0.0000,0.0000,0.0000,8.9000,1,0,0,0,1,6
648,62.8000,62.8000,62.8000,0.0000,41.5000,0.0890,0,0,1,HIGH_TEMP,647,1.0000,1,62.8000,0.0000,0.0000,0.0000,8.9000,1,0,0,0,1,6
649,62.8000,62.8000,62.8000,0.0000,41.5000,0.0890,0,0,1,HIGH_TEMP,648,1.0000,1,62.8000,0.0000,0.0000,0.0000,8.9000,1,0,0,0,1,6
650,62.8000,62.8000,62.8000,0.0000,41.5000,0.0890,0,0,1,HIGH_TEMP,649,1.0000,1,62.8000,0.0000,0.0000,0.0000,8.9000,1,0,0,0,1,6
651,62.8000,62.8000,62.8000,0.0000,41.5000,0.0890,0,0,1,HIGH_TEMP,650,1.0000,1,62.8000,0.0000,0.0000,0.0000,8.9000,1,0,0,0,1,6
652,62.8000,62.8000,62.8000,0.0000,41.5000,0.0890,0,0,1,HIGH_TEMP,651,1.0000,1,62.8000,0.0000,0.0000,0.0000,8.9000,1,0,0,0,1,6
653,62.8000,62.8000,62.8000,0.0000,41.5000,0.0890,0,0,1,HIGH_TEMP,652,1.0000,1,62.8000,0.0000,0.0000,0.0000,8.9000,1,0,0,0,1,6
654,62.8000,62.8000,62.8000,0.0000,41.5000,0.0890,0,0,1,HIGH_TEMP,653,1.0000,1,62.8000,0.0000,0.0000,0.0000,8.9000,1,0,0,0,1,6
655,62.8000,62.8000,62.8000,0.0000,41.5000,0.0890,0,0,1,HIGH_TEMP,654,1.0000,1,62.8000,0.0000,0.0000,0.0000,8.9000,1,0,0,0,1,6
656,62.8000,62.8000,62.8000,0.0000,41.5000,0.0890,0,0,1,HIGH_TEMP,655,1.0000,1,62.8000,0.0000,0.0000,0.0000,8.9000,1,0,0,0,1,6
657,62.8000,62.8000,62.8000,0.0000,41.5000,0.0890,0,0,1,HIGH_TEMP,656,1.0000,1,62.8000,0.0000,0.0000,0.0000,8.9000,1,0,0,0,1,6
658,62.8000,62.8000,62.8000,0.0000,41.5000,0.0890,0,0,1,HIGH_TEMP,657,1.0000,1,62.8000,0.0000,0.0000,0.0000,8.9000,1,0,0,0,1,6
659,62.8000,62.8000,62.8000,0.0000,41.5000,0.0890,0,0,1,HIGH_TEMP,658,1.0000,1,62.8000,0.0000,0.0000,0.0000,8.9000,1,0,0,0,1,6
660,62.8000,62.8000,62.8000,0.0000,41.5000,0.0890,0,0,1,HIGH_TEMP,659,1.0000,1,62.8000,0.0000,0.0000,0.0000,8.9000,1,0,0,0,1,6
661,62.8000,62.8000,62.8000,0.0000,41.5000,0.0890,0,0,1,HIGH_TEMP,660,1.0000,1,62.8000,0.0000,0.0000,0.0000,8.9000,1,0,0,0,1,6
662,62.8000,62.8000,62.8000,0.0000,41.5000,0.0890,0,0,1,HIGH_TEMP,661,1.0000,1,62.8000,0.0000,0.0000,0.0000,8.9000,1,0,0,0,1,6
663,62.8000,62.8000,62.8000,0.0000,41.5000,0.0890,0,0,1,HIGH_TEMP,662,1.0000,1,62.8000,0.0000,0.0000,0.0000,8.9000,1,0,0,0,1,6
664,62.8000,62.8000,62.8000,0.0000,41.5000,0.0890,0,0,1,HIGH_TEMP,663,1.0000,1,62.8000,0.0000,0.0000,0.0000,8.9000,1,0,0,0,1,6
665,62.8000,62.8000,62.8000,0.0000,41.5000,0.0890,0,0,1,HIGH_TEMP,664,1.0000,1,62.8000,0.0000,0.0000,0.0000,8.9000,1,0,0,0,1,6
666,62.8000,62.8000,62.8000,0.0000,41.5000,0.0890,0,0,1,HIGH_TEMP,665,1.0000,1,62.8000,0.0000,0.0000,0.0000,8.9000,1,0,0,0,1,6
667,62.8000,62.8000,62.8000,0.0000,41.5000,0.0890,0,0,1,HIGH_TEMP,666,1.0000,1,62.8000,0.0000,0.0000,0.0000,8.9000,1,0,0,0,1,6
668,62.8000,62.8000,62.8000,0.0000,41.5000,0.0890,0,0,1,HIGH_TEMP,667,1.0000,1,62.8000,0.0000,0.0000,0.0000,8.9000,1,0,0,0,1,6
669,62.8000,62.8000,62.8000,0.0000,41.5000,0.0890,0,0,1,HIGH_TEMP,668,1.0000,1,62.8000,0.0000,0.0000,0.0000,8.9000,1,0,0,0,1,6
670,62.8000,62.8000,62.8000,0.0000,41.5000,0.0890,0,0,1,HIGH_TEMP,669,1.0000,1,62.8000,0.0000,0.0000,0.0000,8.9000,1,0,0,0,1,6
671,62.8000,62.8000,62.8000,0.0000,41.5000,0.0890,0,0,1,HIGH_TEMP,670,1.0000,1,62.8000,0.0000,0.0000,0.0000,8.9000,1,0,0,0,1,6
672,62.8000,62.8000,62.8000,0.0000,41.5000,0.0890,0,0,1,HIGH_TEMP,671,1.0000,1,62.8000,0.0000,0.0000,0.0000,8.9000,1,0,0,0,1,6
673,62.8000,62.8000,62.8000,0.0000,41.5000,0.0890,0,0,1,HIGH_TEMP,672,1.0000,1,62.8000,0.0000,0.0000,0.0000,8.9000,1,0,0,0,1,6
674,62.8000,62.8000,62.8000,0.0000,41.5000,0.0890,0,0,1,HIGH_TEMP,673,1.0000,1,62.8000,0.0000,0.0000,0.0000,8.9000,1,0,0,0,1,6
675,62.8000,62.8000,62.8000,0.0000,41.5000,0.0890,0,0,1,HIGH_TEMP,674,1.0000,1,62.8000,0.0000,0.0000,0.0000,8.9000,1,0,0,0,1,6
676,62.8000,62.8000,62.8000,0.0000,41.5000,0.0890,0,0,1,HIGH_TEMP,675,1.0000,1,62.8000,0.0000,0.0000,0.0000,8.9000,1,0,0,0,1,6
677,62.8000,62.8000,62.8000,0.0000,41.5000,0.0890,0,0,1,HIGH_TEMP,676,1.0000,1,62.8000,0.0000,0.0000,0.0000,8.9000,1,0,0,0,1,6
678,62.8000,62.8000,62.8000,0.0000,41.5000,0.0890,0,0,1,HIGH_TEMP,677,1.0000,1,62.8000,0.0000,0.0000,0.0000,8.9000,1,0,0,0,1,6
679,62.8000,62.8000,62.8000,0.0000,41.5000,0.0890,0,0,1,HIGH_TEMP,678,1.0000,1,62.8000,0.0000,0.0000,0.0000,8.9000,1,0,0,0,1,6
680,62.8000,62.8000,62.8000,0.0000,41.5000,0.0890,0,0,1,HIGH_TEMP,679,1.0000,1,62.8000,0.0000,0.0000,0.0000,8.9000,1,0,0,0,1,6
681,62.8000,62.8000,62.8000,0.0000,41.5000,0.0890,0,0,1,HIGH_TEMP,680,1.0000,1,62.8000,0.0000,0.0000,0.0000,8.9000,1,0,0,0,1,6
682,62.8000,62.8000,62.8000,0.0000,41.5000,0.0890,0,0,1,HIGH_TEMP,681,1.0000,1,62.8000,0.0000,0.0000,0.0000,8.9000,1,0,0,0,1,6
683,62.8000,62.8000,62.8000,0.0000,41.5000,0.0890,0,0,1,HIGH_TEMP,682,1.0000,1,62.8000,0.0000,0.0000,0.0000,8.9000,1,0,0,0,1,6
684,62.8000,62.8000,62.8000,0.0000,41.5000,0.0890,0,0,1,HIGH_TEMP,683,1.0000,1,62.8000,0.0000,0.0000,0.0000,8.9000,1,0,0,0,1,6
685,62.8000,62.8000,62.8000,0.0000,41.5000,0.0890,0,0,1,HIGH_TEMP,684,1.0000,1,62.8000,0.0000,0.0000,0.0000,8.9000,1,0,0,0,1,6
686,62.8000,62.8000,62.8000,0.0000,41.5000,0.0890,0,0,1,HIGH_TEMP,685,1.0000,1,62.8000,0.0000,0.0000,0.0000,8.9000,1,0,0,0,1,6
687,62.8000,62.8000,62.8000,0.0000,41.5000,0.0890,0,0,1,HIGH_TEMP,686,1.0000,1,62.8000,0.0000,0.0000,0.0000,8.9000,1,0,0,0,1,6
688,62.8000,62.8000,62.8000,0.0000,41.5000,0.0890,0,0,1,HIGH_TEMP,687,1.0000,1,62.8000,0.0000,0.0000,0.0000,8.9000,1,0,0,0,1,6
689,62.8000,62.8000,62.8000,0.0000,41.5000,0.0890,0,0,1,HIGH_TEMP,688,1.0000,1,62.8000,0.0000,0.0000,0.0000,8.9000,1,0,0,0,1,6
690,62.8000,62.8000,62.8000,0.0000,41.5000,0.0890,0,0,1,HIGH_TEMP,689,1.0000,1,62.8000,0.0000,0.0000,0.0000,8.9000,1,0,0,0,1,6
691,62.8000,62.8000,62.8000,0.0000,41.5000,0.0890,0,0,1,HIGH_TEMP,690,1.0000,1,62.8000,0.0000,0.0000,0.0000,8.9000,1,0,0,0,1,6
692,62.8000,62.8000,62.8000,0.0000,41.5000,0.0890,0,0,1,HIGH_TEMP,691,1.0000,1,62.8000,0.0000,0.0000,0.0000,8.9000,1,0,0,0,1,6
693,62.8000,62.8000,62.8000,0.0000,41.5000,0.0890,0,0,1,HIGH_TEMP,692,1.0000,1,62.8000,0.0000,0.0000,0.0000,8.9000,1,0,0,0,1,6
694,62.8000,62.8000,62.8000,0.0000,41.5000,0.0890,0,0,1,HIGH_TEMP,693,1.0000,1,62.8000,0.0000,0.0000,0.0000,8.9000,1,0,0,0,1,6
695,62.8000,62.8000,62.8000,0.0000,41.5000,0.0890,0,0,1,HIGH_TEMP,694,1.0000,1,62.8000,0.0000,0.0000,0.0000,8.9000,1,0,0,0,1,6
696,62.8000,62.8000,62.8000,0.0000,41.5000,0.0890,0,0,1,HIGH_TEMP,695,1.0000,1,62.8000,0.0000,0.0000,0.0000,8.9000,1,0,0,0,1,6
697,62.8000,62.8000,62.8000,0.0000,41.5000,0.0890,0,0,1,HIGH_TEMP,696,1.0000,1,62.8000,0.0000,0.0000,0.0000,8.9000,1,0,0,0,1,6
698,62.8000,62.8000,62.8000,0.0000,41.5000,0.0890,0,0,1,HIGH_TEMP,697,1.0000,1,62.8000,0.0000,0.0000,0.0000,8.9000,1,0,0,0,1,6
699,62.8000,62.8000,62.8000,0.0000,41.5000,0.0890,0,0,1,HIGH_TEMP,698,1.0000,1,62.8000,0.0000,0.0000,0.0000,8.9000,1,0,0,0,1,6
700,62.8000,62.8000,62.8000,0.0000,41.5000,0.0890,1,1,1,HIGH_TEMP,699,1.0000,1,62.8000,0.0000,0.0000,0.0000,8.9000,1,0,0,0,1,7
701,62.8000,62.8000,62.8000,0.0000,41.5000,0.0890,1,0,1,HIGH_TEMP,700,1.0000,1,62.8000,0.0000,0.0000,0.0000,8.9000,1,0,0,0,1,7
702,62.8000,62.8000,62.8000,0.0000,41.5000,0.0890,1,0,1,HIGH_TEMP,701,1.0000,1,62.8000,0.0000,0.0000,0.0000,8.9000,1,0,0,0,1,7
703,62.8000,62.8000,62.8000,0.0000,41.5000,0.0890,1,0,1,HIGH_TEMP,702,1.0000,1,62.8000,0.0000,0.0000,0.0000,8.9000,1,0,0,0,1,7
704,62.8000,62.8000,62.8000,0.0000,41.5000,0.0890,1,0,1,HIGH_TEMP,703,1.0000,1,62.8000,0.0000,0.0000,0.0000,8.9000,1,0,0,0,1,7
705,62.8000,62.8000,62.8000,0.0000,41.5000,0.0890,1,0,1,HIGH_TEMP,704,1.0000,1,62.8000,0.0000,0.0000,0.0000,8.9000,1,0,0,0,1,7
706,62.8000,62.8000,62.8000,0.0000,41.5000,0.0890,1,0,1,HIGH_TEMP,705,1.0000,1,62.8000,0.0000,0.0000,0.0000,8.9000,1,0,0,0,1,7
707,62.8000,62.8000,62.8000,0.0000,41.5000,0.0890,1,0,1,HIGH_TEMP,706,1.0000,1,62.8000,0.0000,0.0000,0.0000,8.9000,1,0,0,0,1,7
708,62.8000,62.8000,62.8000,0.0000,41.5000,0.0890,0,0,1,HIGH_TEMP,707,1.0000,1,62.8000,0.0000,0.0000,0.0000,8.9000,1,0,0,0,1,7
709,62.8000,62.8000,62.8000,0.0000,41.5000,0.0890,0,0,1,HIGH_TEMP,708,1.0000,1,62.8000,0.0000,0.0000,0.0000,8.9000,1,0,0,0,1,7
710,62.8000,62.8000,62.8000,0.0000,41.5000,0.0890,0,0,1,HIGH_TEMP,709,1.0000,1,62.8000,0.0000,0.0000,0.0000,8.9000,1,0,0,0,1,7
711,62.8000,62.8000,62.8000,0.0000,41.5000,0.0890,0,0,1,HIGH_TEMP,710,1.0000,1,62.8000,0.0000,0.0000,0.0000,8.9000,1,0,0,0,1,7
712,62.8000,62.8000,62.8000,0.0000,41.5000,0.0890,0,0,1,HIGH_TEMP,711,1.0000,1,62.8000,0.0000,0.0000,0.0000,8.9000,1,0,0,0,1,7
713,62.8000,62.8000,62.8000,0.0000,41.5000,0.0890,0,0,1,HIGH_TEMP,712,1.0000,1,62.8000,0.0000,0.0000,0.0000,8.9000,1,0,0,0,1,7
714,62.8000,62.8000,62.8000,0.0000,41.5000,0.0890,0,0,1,HIGH_TEMP,713,1.0000,1,62.8000,0.0000,0.0000,0.0000,8.9000,1,0,0,0,1,7
715,62.8000,62.8000,62.8000,0.0000,41.5000,0.0890,0,0,1,HIGH_TEMP,714,1.0000,1,62.8000,0.0000,0.0000,0.0000,8.9000,1,0,0,0,1,7
716,62.8000,62.8000,62.8000,0.0000,41.5000,0.0890,0,0,1,HIGH_TEMP,715,1.0000,1,62.8000,0.0000,0.0000,0.0000,8.9000,1,0,0,0,1,7
717,62.8000,62.8000,62.8000,0.0000,41.5000,0.0890,0,0,1,HIGH_TEMP,716,1.0000,1,62.8000,0.0000,0.0000,0.0000,8.9000,1,0,0,0,1,7
718,62.8000,62.8000,62.8000,0.0000,41.5000,0.0890,0,0,1,HIGH_TEMP,717,1.0000,1,62.8000,0.0000,0.0000,0.0000,8.9000,1,0,0,0,1,7
719,62.8000,62.8000,62.8000,0.0000,41.5000,0.0890,0,0,1,HIGH_TEMP,718,1.0000,1,62.8000,0.0000,0.0000,0.0000,8.9000,1,0,0,0,1,7
720,62.8000,62.8000,62.8000,0.0000,41.5000,0.0890,0,0,1,HIGH_TEMP,719,1.0000,1,62.8000,0.0000,0.0000,0.0000,8.9000,1,0,0,0,1,7
721,62.8000,62.8000,62.8000,0.0000,41.5000,0.0890,0,0,1,HIGH_TEMP,720,1.0000,1,62.8000,0.0000,0.0000,0.0000,8.9000,1,0,0,0,1,7
722,62.8000,62.8000,62.8000,0.0000,41.5000,0.0890,1,1,1,HIGH_TEMP,721,1.0000,1,62.8000,0.0000,0.0000,0.0000,8.9000,1,0,0,0,1,8
723,62.8000,62.8000,62.8000,0.0000,41.5000,0.0890,1,0,1,HIGH_TEMP,722,1.0000,1,62.8000,0.0000,0.0000,0.0000,8.9000,1,0,0,0,1,8
724,62.8000,62.8000,62.8000,0.0000,41.5000,0.0890,1,0,1,HIGH_TEMP,723,1.0000,1,62.8000,0.0000,0.0000,0.0000,8.9000,1,0,0,0,1,8
725,62.8000,62.8000,62.8000,0.0000,41.5000,0.0890,1,0,1,HIGH_TEMP,724,1.0000,1,62.8000,0.0000,0.0000,0.0000,8.9000,1,0,0,0,1,8
726,62.8000,62.8000,62.8000,0.0000,41.5000,0.0890,1,0,1,HIGH_TEMP,725,1.0000,1,62.8000,0.0000,0.0000,0.0000,8.9000,1,0,0,0,1,8
727,62.8000,62.8000,62.8000,0.0000,41.5000,0.0890,0,0,1,HIGH_TEMP,726,1.0000,1,62.8000,0.0000,0.0000,0.0000,8.9000,1,0,0,0,1,8
728,62.8000,62.8000,62.8000,0.0000,41.5000,0.0890,0,0,1,HIGH_TEMP,727,1.0000,1,62.8000,0.0000,0.0000,0.0000,8.9000,1,0,0,0,1,8
729,62.8000,62.8000,62.8000,0.0000,41.5000,0.0890,0,0,1,HIGH_TEMP,728,1.0000,1,62.8000,0.0000,0.0000,0.0000,8.9000,1,0,0,0,1,8
730,62.8000,62.8000,62.8000,0.0000,41.5000,0.0890,0,0,1,HIGH_TEMP,729,1.0000,1,62.8000,0.0000,0.0000,0.0000,8.9000,1,0,0,0,1,8
731,62.8000,62.8000,62.8000,0.0000,41.5000,0.0890,0,0,1,HIGH_TEMP,730,1.0000,1,62.8000,0.0000,0.0000,0.0000,8.9000,1,0,0,0,1,8
732,62.8000,62.8000,62.8000,0.0000,41.5000,0.0890,0,0,1,HIGH_TEMP,731,1.0000,1,62.8000,0.0000,0.0000,0.0000,8.9000,1,0,0,0,1,8
733,62.8000,62.8000,62.8000,0.0000,41.5000,0.0890,0,0,1,HIGH_TEMP,732,1.0000,1,62.8000,0.0000,0.0000,0.0000,8.9000,1,0,0,0,1,8
734,62.8000,62.8000,62.8000,0.0000,41.5000,0.0890,0,0,1,HIGH_TEMP,733,1.0000,1,62.8000,0.0000,0.0000,0.0000,8.9000,1,0,0,0,1,8
735,62.8000,62.8000,62.8000,0.0000,41.5000,0.0890,0,0,1,HIGH_TEMP,734,1.0000,1,62.8000,0.0000,0.0000,0.0000,8.9000,1,0,0,0,1,8
736,62.8000,62.8000,62.8000,0.0000,41.5000,0.0890,0,0,1,HIGH_TEMP,735,1.0000,1,62.8000,0.0000,0.0000,0.0000,8.9000,1,0,0,0,1,8
737,62.8000,62.8000,62.8000,0.0000,41.5000,0.0890,0,0,1,HIGH_TEMP,736,1.0000,1,62.8000,0.0000,0.0000,0.0000,8.9000,1,0,0,0,1,8
738,62.8000,62.8000,62.8000,0.0000,41.5000,0.0890,0,0,1,HIGH_TEMP,737,1.0000,1,62.8000,0.0000,0.0000,0.0000,8.9000,1,0,0,0,1,8
739,62.8000,62.8000,62.8000,0.0000,41.5000,0.0890,0,0,1,HIGH_TEMP,738,1.0000,1,62.8000,0.0000,0.0000,0.0000,8.9000,1,0,0,0,1,8
740,62.8000,62.8000,62.8000,0.0000,41.5000,0.0890,1,1,1,HIGH_TEMP,739,1.0000,1,62.8000,0.0000,0.0000,0.0000,8.9000,1,0,0,0,1,9
741,62.8000,62.8000,62.8000,0.0000,41.5000,0.0890,1,0,1,HIGH_TEMP,740,1.0000,1,62.8000,0.0000,0.0000,0.0000,8.9000,1,0,0,0,1,9
742,62.8000,62.8000,62.8000,0.0000,41.5000,0.0890,1,0,1,HIGH_TEMP,741,1.0000,1,62.8000,0.0000,0.0000,0.0000,8.9000,1,0,0,0,1,9
743,62.8000,62.8000,62.8000,0.0000,41.5000,0.0890,1,0,1,HIGH_TEMP,742,1.0000,1,62.8000,0.0000,0.0000,0.0000,8.9000,1,0,0,0,1,9
744,62.8000,62.8000,62.8000,0.0000,41.5000,0.0890,1,0,1,HIGH_TEMP,743,1.0000,1,62.8000,0.0000,0.0000,0.0000,8.9000,1,0,0,0,1,9
745,62.8000,62.8000,62.8000,0.0000,41.5000,0.0890,1,0,1,HIGH_TEMP,744,1.0000,1,62.8000,0.0000,0.0000,0.0000,8.9000,1,0,0,0,1,9
746,62.8000,62.8000,62.8000,0.0000,41.5000,0.0890,1,0,1,HIGH_TEMP,745,1.0000,1,62.8000,0.0000,0.0000,0.0000,8.9000,1,0,0,0,1,9
747,62.8000,62.8000,62.8000,0.0000,41.5000,0.0890,1,0,1,HIGH_TEMP,746,1.0000,1,62.8000,0.0000,0.0000,0.0000,8.9000,1,0,0,0,1,9
748,62.8000,62.8000,62.8000,0.0000,41.5000,0.0890,1,0,1,HIGH_TEMP,747,1.0000,1,62.8000,0.0000,0.0000,0.0000,8.9000,1,0,0,0,1,9
749,62.8000,62.8000,62.8000,0.0000,41.5000,0.0890,0,0,1,HIGH_TEMP,748,1.0000,1,62.8000,0.0000,0.0000,0.0000,8.9000,1,0,0,0,1,9
750,62.8000,62.8000,62.8000,0.0000,41.5000,0.0890,0,0,1,HIGH_TEMP,749,1.0000,1,62.8000,0.0000,0.0000,0.0000,8.9000,1,0,0,0,1,9
751,62.8000,62.8000,62.8000,0.0000,41.5000,0.0890,0,0,1,HIGH_TEMP,750,1.0000,1,62.8000,0.0000,0.0000,0.0000,8.9000,1,0,0,0,1,9
752,62.8000,62.8000,62.8000,0.0000,41.5000,0.0890,0,0,1,HIGH_TEMP,751,1.0000,1,62.8000,0.0000,0.0000,0.0000,8.9000,1,0,0,0,1,9
753,62.8000,62.8000,62.8000,0.0000,41.5000,0.0890,0,0,1,HIGH_TEMP,752,1.0000,1,62.8000,0.0000,0.0000,0.0000,8.9000,1,0,0,0,1,9
754,62.8000,62.8000,62.8000,0.0000,41.5000,0.0890,0,0,1,HIGH_TEMP,753,1.0000,1,62.8000,0.0000,0.0000,0.0000,8.9000,1,0,0,0,1,9
755,62.8000,62.8000,62.8000,0.0000,41.5000,0.0890,0,0,1,HIGH_TEMP,754,1.0000,1,62.8000,0.0000,0.0000,0.0000,8.9000,1,0,0,0,1,9
756,62.8000,62.8000,62.8000,0.0000,41.5000,0.0890,0,0,1,HIGH_TEMP,755,1.0000,1,62.8000,0.0000,0.0000,0.0000,8.9000,1,0,0,0,1,9
757,62.8000,62.8000,62.8000,0.0000,41.5000,0.0890,0,0,1,HIGH_TEMP,756,1.0000,1,62.8000,0.0000,0.0000,0.0000,8.9000,1,0,0,0,1,9
758,62.8000,62.8000,62.8000,0.0000,41.5000,0.0890,0,0,1,HIGH_TEMP,757,1.0000,1,62.8000,0.0000,0.0000,0.0000,8.9000,1,0,0,0,1,9
759,62.8000,62.8000,62.8000,0.0000,41.5000,0.0890,0,0,1,HIGH_TEMP,758,1.0000,1,62.8000,0.0000,0.0000,0.0000,8.9000,1,0,0,0,1,9
760,62.8000,62.8000,62.8000,0.0000,41.5000,0.0890,0,0,1,HIGH_TEMP,759,1.0000,1,62.8000,0.0000,0.0000,0.0000,8.9000,1,0,0,0,1,9
761,62.8000,62.8000,62.8000,0.0000,41.5000,0.0890,0,0,1,HIGH_TEMP,760,1.0000,1,62.8000,0.0000,0.0000,0.0000,8.9000,1,0,0,0,1,9
762,62.8000,62.8000,62.8000,0.0000,41.5000,0.0890,0,0,1,HIGH_TEMP,761,1.0000,1,62.8000,0.0000,0.0000,0.0000,8.9000,1,0,0,0,1,9
763,62.8000,62.8000,62.8000,0.0000,41.5000,0.0890,0,0,1,HIGH_TEMP,762,1.0000,1,62.8000,0.0000,0.0000,0.0000,8.9000,1,0,0,0,1,9
764,62.8000,62.8000,62.8000,0.0000,41.5000,0.0890,0,0,1,HIGH_TEMP,763,1.0000,1,62.8000,0.0000,0.0000,0.0000,8.9000,1,0,0,0,1,9
765,62.8000,62.8000,62.8000,0.0000,41.5000,0.0890,0,0,1,HIGH_TEMP,764,1.0000,1,62.8000,0.0000,0.0000,0.0000,8.9000,1,0,0,0,1,9
766,62.8000,62.8000,62.8000,0.0000,41.5000,0.0890,0,0,1,HIGH_TEMP,765,1.0000,1,62.8000,0.0000,0.0000,0.0000,8.9000,1,0,0,0,1,9
767,62.8000,62.8000,62.8000,0.0000,41.5000,0.0890,0,0,1,HIGH_TEMP,766,1.0000,1,62.8000,0.0000,0.0000,0.0000,8.9000,1,0,0,0,1,9
768,62.8000,62.8000,62.8000,0.0000,41.5000,0.0890,0,0,1,HIGH_TEMP,767,1.0000,1,62.8000,0.0000,0.0000,0.0000,8.9000,1,0,0,0,1,9
769,62.8000,62.8000,62.8000,0.0000,41.5000,0.0890,0,0,1,HIGH_TEMP,768,1.0000,1,62.8000,0.0000,0.0000,0.0000,8.9000,1,0,0,0,1,9
770,62.8000,62.8000,62.8000,0.0000,41.5000,0.0890,0,0,1,HIGH_TEMP,769,1.0000,1,62.8000,0.0000,0.0000,0.0000,8.9000,1,0,0,0,1,9
771,62.8000,62.8000,62.8000,0.0000,41.5000,0.0890,0,0,1,HIGH_TEMP,770,1.0000,1,62.8000,0.0000,0.0000,0.0000,8.9000,1,0,0,0,1,9
772,62.8000,62.8000,62.8000,0.0000,41.5000,0.0890,0,0,1,HIGH_TEMP,771,1.0000,1,62.8000,0.0000,0.0000,0.0000,8.9000,1,0,0,0,1,9
773,62.8000,62.8000,62.8000,0.0000,41.5000,0.0890,0,0,1,HIGH_TEMP,772,1.0000,1,62.8000,0.0000,0.0000,0.0000,8.9000,1,0,0,0,1,9
774,62.8000,62.8000,62.8000,0.0000,41.5000,0.0890,0,0,1,HIGH_TEMP,773,1.0000,1,62.8000,0.0000,0.0000,0.0000,8.9000,1,0,0,0,1,9
775,62.8000,62.8000,62.8000,0.0000,41.5000,0.0890,0,0,1,HIGH_TEMP,774,1.0000,1,62.8000,0.0000,0.0000,0.0000,8.9000,1,0,0,0,1,9
776,62.8000,62.8000,62.8000,0.0000,41.5000,0.0890,0,0,1,HIGH_TEMP,775,1.0000,1,62.8000,0.0000,0.0000,0.0000,8.9000,1,0,0,0,1,9
777,62.8000,62.8000,62.8000,0.0000,41.5000,0.0890,0,0,1,HIGH_TEMP,776,1.0000,1,62.8000,0.0000,0.0000,0.0000,8.9000,1,0,0,0,1,9
778,62.8000,62.8000,62.8000,0.0000,41.5000,0.0890,0,0,1,HIGH_TEMP,777,1.0000,1,62.8000,0.0000,0.0000,0.0000,8.9000,1,0,0,0,1,9
779,62.8000,62.8000,62.8000,0.0000,41.5000,0.0890,0,0,1,HIGH_TEMP,778,1.0000,1,62.8000,0.0000,0.0000,0.0000,8.9000,1,0,0,0,1,9
780,62.8000,62.8000,62.8000,0.0000,41.5000,0.0890,0,0,1,HIGH_TEMP,779,1.0000,1,62.8000,0.0000,0.0000,0.0000,8.9000,1,0,0,0,1,9
781,62.8000,62.8000,62.8000,0.0000,41.5000,0.0890,0,0,1,HIGH_TEMP,780,1.0000,1,62.8000,0.0000,0.0000,0.0000,8.9000,1,0,0,0,1,9
782,62.8000,62.8000,62.8000,0.0000,41.5000,0.0890,0,0,1,HIGH_TEMP,781,1.0000,1,62.8000,0.0000,0.0000,0.0000,8.9000,1,0,0,0,1,9
783,62.8000,62.8000,62.8000,0.0000,41.5000,0.0890,0,0,1,HIGH_TEMP,782,1.0000,1,62.8000,0.0000,0.0000,0.0000,8.9000,1,0,0,0,1,9
784,62.8000,62.8000,62.8000,0.0000,41.5000,0.0890,0,0,1,HIGH_TEMP,783,1.0000,1,62.8000,0.0000,0.0000,0.0000,8.9000,1,0,0,0,1,9
785,62.8000,62.8000,62.8000,0.0000,41.5000,0.0890,0,0,1,HIGH_TEMP,784,1.0000,1,62.8000,0.0000,0.0000,0.0000,8.9000,1,0,0,0,1,9
786,62.8000,62.8000,62.8000,0.0000,41.5000,0.0890,0,0,1,HIGH_TEMP,785,1.0000,1,62.8000,0.0000,0.0000,0.0000,8.9000,1,0,0,0,1,9
787,62.8000,62.8000,62.8000,0.0000,41.5000,0.0890,0,0,1,HIGH_TEMP,786,1.0000,1,62.8000,0.0000,0.0000,0.0000,8.9000,1,0,0,0,1,9
788,62.8000,62.8000,62.8000,0.0000,41.5000,0.0890,0,0,1,HIGH_TEMP,787,1.0000,1,62.8000,0.0000,0.0000,0.0000,8.9000,1,0,0,0,1,9
789,62.8000,62.8000,62.8000,0.0000,41.5000,0.0890,0,0,1,HIGH_TEMP,788,1.0000,1,62.8000,0.0000,0.0000,0.0000,8.9000,1,0,0,0,1,9
790,62.8000,62.8000,62.8000,0.0000,41.5000,0.0890,0,0,1,HIGH_TEMP,789,1.0000,1,62.8000,0.0000,0.0000,0.0000,8.9000,1,0,0,0,1,9
791,62.8000,62.8000,62.8000,0.0000,41.5000,0.0890,0,0,1,HIGH_TEMP,790,1.0000,1,62.8000,0.0000,0.0000,0.0000,8.9000,1,0,0,0,1,9
792,62.8000,62.8000,62.8000,0.0000,41.5000,0.0890,0,0,1,HIGH_TEMP,791,1.0000,1,62.8000,0.0000,0.0000,0.0000,8.9000,1,0,0,0,1,9
793,62.8000,62.8000,62.8000,0.0000,41.5000,0.0890,0,0,1,HIGH_TEMP,792,1.0000,1,62.8000,0.0000,0.0000,0.0000,8.9000,1,0,0,0,1,9
794,62.8000,62.8000,62.8000,0.0000,41.5000,0.0890,1,1,1,HIGH_TEMP,793,1.0000,1,62.8000,0.0000,0.0000,0.0000,8.9000,1,0,0,0,1,10
795,62.8000,62.8000,62.8000,0.0000,41.5000,0.0890,1,0,1,HIGH_TEMP,794,1.0000,1,62.8000,0.0000,0.0000,0.0000,8.9000,1,0,0,0,1,10
796,62.8000,62.8000,62.8000,0.0000,41.5000,0.0890,1,0,1,HIGH_TEMP,795,1.0000,1,62.8000,0.0000,0.0000,0.0000,8.9000,1,0,0,0,1,10
797,62.8000,62.8000,62.8000,0.0000,41.5000,0.0890,1,0,1,HIGH_TEMP,796,1.0000,1,62.8000,0.0000,0.0000,0.0000,8.9000,1,0,0,0,1,10
798,62.8000,62.8000,62.8000,0.0000,41.5000,0.0890,1,0,1,HIGH_TEMP,797,1.0000,1,62.8000,0.0000,0.0000,0.0000,8.9000,1,0,0,0,1,10
799,62.8000,62.8000,62.8000,0.0000,41.5000,0.0890,1,0,1,HIGH_TEMP,798,1.0000,1,62.8000,0.0000,0.0000,0.0000,8.9000,1,0,0,0,1,10
800,62.8000,62.8000,62.8000,0.0000,41.5000,0.0890,1,0,1,HIGH_TEMP,799,1.0000,1,62.8000,0.0000,0.0000,0.0000,8.9000,1,0,0,0,1,10
801,62.8000,62.8000,62.8000,0.0000,41.5000,0.0890,1,0,1,HIGH_TEMP,800,1.0000,1,62.8000,0.0000,0.0000,0.0000,8.9000,1,0,0,0,1,10
802,62.8000,62.8000,62.8000,0.0000,41.5000,0.0890,1,0,1,HIGH_TEMP,801,1.0000,1,62.8000,0.0000,0.0000,0.0000,8.9000,1,0,0,0,1,10
803,62.8000,62.8000,62.8000,0.0000,41.5000,0.0890,0,0,1,HIGH_TEMP,802,1.0000,1,62.8000,0.0000,0.0000,0.0000,8.9000,1,0,0,0,1,10
804,62.8000,62.8000,62.8000,0.0000,41.5000,0.0890,0,0,1,HIGH_TEMP,803,1.0000,1,62.8000,0.0000,0.0000,0.0000,8.9000,1,0,0,0,1,10
805,62.8000,62.8000,62.8000,0.0000,41.5000,0.0890,0,0,1,HIGH_TEMP,804,1.0000,1,62.8000,0.0000,0.0000,0.0000,8.9000,1,0,0,0,1,10
806,62.8000,62.8000,62.8000,0.0000,41.5000,0.0890,0,0,1,HIGH_TEMP,805,1.0000,1,62.8000,0.0000,0.0000,0.0000,8.9000,1,0,0,0,1,10
807,62.8000,62.8000,62.8000,0.0000,41.5000,0.0890,0,0,1,HIGH_TEMP,806,1.0000,1,62.8000,0.0000,0.0000,0.0000,8.9000,1,0,0,0,1,10
808,62.8000,62.8000,62.8000,0.0000,41.5000,0.0890,0,0,1,HIGH_TEMP,807,1.0000,1,62.8000,0.0000,0.0000,0.0000,8.9000,1,0,0,0,1,10
809,62.8000,62.8000,62.8000,0.0000,41.5000,0.0890,0,0,1,HIGH_TEMP,808,1.0000,1,62.8000,0.0000,0.0000,0.0000,8.9000,1,0,0,0,1,10
810,62.8000,62.8000,62.8000,0.0000,41.5000,0.0890,0,0,1,HIGH_TEMP,809,1.0000,1,62.8000,0.0000,0.0000,0.0000,8.9000,1,0,0,0,1,10
811,62.8000,62.8000,62.8000,0.0000,41.5000,0.0890,0,0,1,HIGH_TEMP,810,1.0000,1,62.8000,0.0000,0.0000,0.0000,8.9000,1,0,0,0,1,10
812,62.8000,62.8000,62.8000,0.0000,41.5000,0.0890,0,0,1,HIGH_TEMP,811,1.0000,1,62.8000,0.0000,0.0000,0.0000,8.9000,1,0,0,0,1,10
